"STATION","NAME","LATITUDE","LONGITUDE","ELEVATION","DATE","CDSD","CDSD_ATTRIBUTES","CLDD","CLDD_ATTRIBUTES","DP01","DP01_ATTRIBUTES","DP10","DP10_ATTRIBUTES","DSND","DSND_ATTRIBUTES","DSNW","DSNW_ATTRIBUTES","DT00","DT00_ATTRIBUTES","DT32","DT32_ATTRIBUTES","DX32","DX32_ATTRIBUTES","DX70","DX70_ATTRIBUTES","DX90","DX90_ATTRIBUTES","EMNT","EMNT_ATTRIBUTES","EMSD","EMSD_ATTRIBUTES","EMSN","EMSN_ATTRIBUTES","EMXP","EMXP_ATTRIBUTES","EMXT","EMXT_ATTRIBUTES","EVAP","EVAP_ATTRIBUTES","HDSD","HDSD_ATTRIBUTES","HTDD","HTDD_ATTRIBUTES","PRCP","PRCP_ATTRIBUTES","SNOW","SNOW_ATTRIBUTES","TAVG","TAVG_ATTRIBUTES","TMAX","TMAX_ATTRIBUTES","TMIN","TMIN_ATTRIBUTES"
"US1NYTM0004","GROTON 0.5 NW, NY US","42.59127","-76.372","315.2","2016-01",,,,,"18",",N","5",",N","24",",N","3",",N",,,,,,,,,,,,,"3",",,N,25,+","1.9",",,N,14,","0.47",",,N,11,",,,,,,,,,"1.63",",,,N","11.0",",,,N",,,,,,
"US1NYTM0004","GROTON 0.5 NW, NY US","42.59127","-76.372","315.2","2016-02",,,,,"14",",N","7",",N","14",",N","2",",N",,,,,,,,,,,,,"4",",,N,18,","2.5",",,N,10,","1.39",",,N,17,",,,,,,,,,"4.03",",,,N","6.5",",,,N",,,,,,
"US1NYTM0004","GROTON 0.5 NW, NY US","42.59127","-76.372","315.2","2016-03",,,,,"10","2,N","6","2,N","0","2,N","0","2,N",,,,,,,,,,,,,"0","2,T,N,06,+","0.3","2,,N,06,","0.85","2,,N,11,",,,,,,,,,"2.04",",a,,N","0.6","2,,,N",,,,,,
"US1NYTM0004","GROTON 0.5 NW, NY US","42.59127","-76.372","315.2","2016-04",,,,,"15",",N","9",",N","4",",N","3",",N",,,,,,,,,,,,,"6",",,N,05,+","3.5",",,N,03,","0.54",",,N,12,",,,,,,,,,"2.54",",,,N","7.7",",,,N",,,,,,
"US1NYTM0004","GROTON 0.5 NW, NY US","42.59127","-76.372","315.2","2016-05",,,,,"15",",N","10",",N","0",",N","0",",N",,,,,,,,,,,,,"0",",,N,31,+","0.0",",T,N,16,","0.56",",,N,28,",,,,,,,,,"3.02",",,,N","0.0",",T,,N",,,,,,
"US1NYTM0004","GROTON 0.5 NW, NY US","42.59127","-76.372","315.2","2016-06",,,,,"8","1,N","3","1,N","0","1,N","0","1,N",,,,,,,,,,,,,"0","1,,N,30,+","0.0","1,,N,30,+","0.92","1,,N,06,",,,,,,,,,"1.63","1,,,N","0.0","1,,,N",,,,,,
"US1NYTM0004","GROTON 0.5 NW, NY US","42.59127","-76.372","315.2","2016-07",,,,,"11","2,N","6","2,N",,,"0","2,N",,,,,,,,,,,,,,,"0.0","2,,N,31,+","0.83","2,,N,26,",,,,,,,,,"1.98","2,,,N","0.0","2,,,N",,,,,,
"US1NYTM0004","GROTON 0.5 NW, NY US","42.59127","-76.372","315.2","2016-08",,,,,"16",",N","8",",N","0",",N","0",",N",,,,,,,,,,,,,"0",",,N,31,+","0.0",",,N,31,+","1.69",",,N,10,",,,,,,,,,"4.99",",,,N","0.0",",,,N",,,,,,
"US1NYTM0004","GROTON 0.5 NW, NY US","42.59127","-76.372","315.2","2016-09",,,,,"10",",N","7",",N","0",",N","0",",N",,,,,,,,,,,,,"0",",,N,30,+","0.0",",,N,30,+","0.87",",,N,18,",,,,,,,,,"3.19",",,,N","0.0",",,,N",,,,,,
"US1NYTM0004","GROTON 0.5 NW, NY US","42.59127","-76.372","315.2","2016-10",,,,,"21",",N","13",",N","1",",N","1",",N",,,,,,,,,,,,,"1",",,N,27,","1.0",",,N,27,","2.25",",,N,21,",,,,,,,,,"7.09",",,,N","1.0",",,,N",,,,,,
"US1NYTM0004","GROTON 0.5 NW, NY US","42.59127","-76.372","315.2","2016-11",,,,,"13",",N","7",",N","7",",N","3",",N",,,,,,,,,,,,,"12",",,N,22,","8.0",",,N,21,","0.65",",,N,04,",,,,,,,,,"2.67",",,,N","13.1",",,,N",,,,,,
"US1NYTM0004","GROTON 0.5 NW, NY US","42.59127","-76.372","315.2","2016-12",,,,,"21",",N","11",",N","26",",N","9",",N",,,,,,,,,,,,,"10",",,N,17,","5.0",",,N,12,","0.57",",,N,07,",,,,,,,,,"3.49",",,,N","21.9",",,,N",,,,,,
"US1NYTM0004","GROTON 0.5 NW, NY US","42.59127","-76.372","315.2","2017-01",,,,,"20",",N","9",",N","17",",N","2",",N",,,,,,,,,,,,,"4",",,N,25,","3.0",",,N,24,","0.86",",,N,24,+",,,,,,,,,"3.95",",,,N","7.6",",,,N",,,,,,
"US1NYTM0004","GROTON 0.5 NW, NY US","42.59127","-76.372","315.2","2017-02",,,,,"13","1,N","7","1,N","21",",N","5",",N",,,,,,,,,,,,,"9",",,N,17,","5.0",",,N,13,","0.78","1,,N,13,",,,,,,,,,"2.65","1,,,N","16.1",",,,N",,,,,,
"US1NYTM0004","GROTON 0.5 NW, NY US","42.59127","-76.372","315.2","2017-03",,,,,"17",",N","10",",N","17",",N","5",",N",,,,,,,,,,,,,"16",",,N,16,","13.0",",,N,15,","0.92",",,N,25,",,,,,,,,,"3.72",",,,N","20.6",",,,N",,,,,,
"US1NYTM0004","GROTON 0.5 NW, NY US","42.59127","-76.372","315.2","2017-04",,,,,"14",",N","12",",N","1",",N","0",",N",,,,,,,,,,,,,"1",",,N,07,","0.8",",,N,07,","1.61",",,N,21,",,,,,,,,,"5.98",",,,N","0.9",",,,N",,,,,,
"US1NYTM0004","GROTON 0.5 NW, NY US","42.59127","-76.372","315.2","2017-05",,,,,"19",",N","15",",N","0",",N","0",",N",,,,,,,,,,,,,"0",",,N,31,+","0.0",",,N,31,+","1.09",",,N,31,",,,,,,,,,"5.79",",,,N","0.0",",,,N",,,,,,
"US1NYTM0004","GROTON 0.5 NW, NY US","42.59127","-76.372","315.2","2017-06",,,,,"15",",N","11",",N","0",",N","0",",N",,,,,,,,,,,,,"0",",,N,30,+","0.0",",,N,30,+","1.96",",,N,16,",,,,,,,,,"5.56",",,,N","0.0",",,,N",,,,,,
"US1NYTM0004","GROTON 0.5 NW, NY US","42.59127","-76.372","315.2","2017-07",,,,,"16",",N","12",",N","0",",N","0",",N",,,,,,,,,,,,,"0",",,N,31,+","0.0",",,N,31,+","1.95",",,N,14,",,,,,,,,,"7.45",",,,N","0.0",",,,N",,,,,,
"US1NYTM0004","GROTON 0.5 NW, NY US","42.59127","-76.372","315.2","2017-08",,,,,"7",",N","2",",N","0",",N","0",",N",,,,,,,,,,,,,"0",",,N,31,+","0.0",",,N,31,+","0.59",",,N,23,",,,,,,,,,"1.34",",,,N","0.0",",,,N",,,,,,
"US1NYTM0004","GROTON 0.5 NW, NY US","42.59127","-76.372","315.2","2017-09",,,,,"12",",N","8",",N","0",",N","0",",N",,,,,,,,,,,,,"0",",,N,30,+","0.0",",,N,30,+","0.59",",,N,06,",,,,,,,,,"2.19",",,,N","0.0",",,,N",,,,,,
"US1NYTM0004","GROTON 0.5 NW, NY US","42.59127","-76.372","315.2","2017-10",,,,,"14",",N","12",",N","0","1,N","0","1,N",,,,,,,,,,,,,"0","1,,N,31,+","0.0","1,,N,31,+","2.67",",,N,30,",,,,,,,,,"6.54",",,,N","0.0","1,,,N",,,,,,
"US1NYTM0004","GROTON 0.5 NW, NY US","42.59127","-76.372","315.2","2017-11",,,,,"17",",N","6",",N","0",",N","0",",N",,,,,,,,,,,,,"0",",T,N,26,+","0.3",",,N,20,","1.08",",,N,02,",,,,,,,,,"2.93",",,,N","0.7",",,,N",,,,,,
"US1NYTM0004","GROTON 0.5 NW, NY US","42.59127","-76.372","315.2","2017-12",,,,,"21",",N","5",",N","17",",N","7",",N",,,,,,,,,,,,,"4",",,N,31,+","1.5",",,N,30,+","0.80",",,N,23,",,,,,,,,,"1.91",",,,N","13.5",",,,N",,,,,,
"US1NYTM0004","GROTON 0.5 NW, NY US","42.59127","-76.372","315.2","2018-01",,,,,"15",",N","5",",N","23",",N","5",",N",,,,,,,,,,,,,"7",",,N,19,+","5.0",",,N,13,","1.11",",,N,13,",,,,,,,,,"2.57",",,,N","13.6",",,,N",,,,,,
"US1NYTM0004","GROTON 0.5 NW, NY US","42.59127","-76.372","315.2","2018-02",,,,,"16",",N","8",",N","19",",N","7",",N",,,,,,,,,,,,,"12",",,N,08,","5.5",",,N,08,","0.51",",,N,08,",,,,,,,,,"2.99",",,,N","21.2",",,,N",,,,,,
"US1NYTM0004","GROTON 0.5 NW, NY US","42.59127","-76.372","315.2","2018-03",,,,,"14",",N","9",",N","24",",N","7",",N",,,,,,,,,,,,,"12",",,N,15,","5.0",",,N,15,","0.91",",,N,30,",,,,,,,,,"3.42",",,,N","18.1",",,,N",,,,,,
"US1NYTM0004","GROTON 0.5 NW, NY US","42.59127","-76.372","315.2","2018-04",,,,,"18",",N","9",",N","0",",N","0",",N",,,,,,,,,,,,,"1",",,N,19,+","0.5",",,N,18,+","0.85",",,N,17,",,,,,,,,,"2.54",",,,N","2.6",",,,N",,,,,,
"US1NYTM0004","GROTON 0.5 NW, NY US","42.59127","-76.372","315.2","2018-05",,,,,"15",",N","8",",N","0",",N","0",",N",,,,,,,,,,,,,"0",",,N,31,+","0.0",",,N,31,+","1.02",",,N,23,",,,,,,,,,"3.79",",,,N","0.0",",,,N",,,,,,
"US1NYTM0004","GROTON 0.5 NW, NY US","42.59127","-76.372","315.2","2018-06",,,,,"14",",N","6",",N","0",",N","0",",N",,,,,,,,,,,,,"0",",,N,30,+","0.0",",,N,30,+","0.64",",,N,28,",,,,,,,,,"2.22",",,,N","0.0",",,,N",,,,,,
"US1NYTM0004","GROTON 0.5 NW, NY US","42.59127","-76.372","315.2","2018-07",,,,,"12",",N","9",",N","0",",N","0",",N",,,,,,,,,,,,,"0",",,N,31,+","0.0",",,N,31,+","1.56",",,N,25,",,,,,,,,,"6.55",",,,N","0.0",",,,N",,,,,,
"US1NYTM0004","GROTON 0.5 NW, NY US","42.59127","-76.372","315.2","2018-08",,,,,"19",",N","10",",N","0",",N","0",",N",,,,,,,,,,,,,"0",",,N,31,+","0.0",",,N,31,+","1.72",",,N,12,",,,,,,,,,"6.16",",,,N","0.0",",,,N",,,,,,
"US1NYTM0004","GROTON 0.5 NW, NY US","42.59127","-76.372","315.2","2018-09",,,,,"9",",N","7",",N","0",",N","0",",N",,,,,,,,,,,,,"0",",,N,30,+","0.0",",,N,30,+","1.87",",,N,11,",,,,,,,,,"5.44",",,,N","0.0",",,,N",,,,,,
"US1NYTM0004","GROTON 0.5 NW, NY US","42.59127","-76.372","315.2","2018-10",,,,,"19","3,N","12","3,N",,,"0","3,N",,,,,,,,,,,,,,,"0.0","3,T,N,24,+","1.05","3,,N,03,",,,,,,,,,"5.84",",a,,N","0.0","3,T,,N",,,,,,
"US1NYTM0004","GROTON 0.5 NW, NY US","42.59127","-76.372","315.2","2018-11",,,,,"22",",N","13",",N","18",",N","5",",N",,,,,,,,,,,,,"11",",,N,16,","9.9",",,N,16,","1.25",",,N,16,",,,,,,,,,"5.42",",,,N","23.4",",,,N",,,,,,
"US1NYTM0004","GROTON 0.5 NW, NY US","42.59127","-76.372","315.2","2018-12",,,,,"20",",N","7",",N","20",",N","8",",N",,,,,,,,,,,,,"5",",,N,01,","1.6",",,N,07,","1.33",",,N,22,",,,,,,,,,"3.21",",,,N","11.2",",,,N",,,,,,
"US1NYTM0015","NEWFIELD 2.5 S, NY US","42.32231","-76.58989","487.1","2016-02",,,,,"15","1,N","8","1,N",,,"4","3,N",,,,,,,,,,,,,,,"6.8","3,,N,10,","1.31","1,,N,25,",,,,,,,,,"5.39","1,,,N","17.4","3,,,N",,,,,,
"US1NYTM0015","NEWFIELD 2.5 S, NY US","42.32231","-76.58989","487.1","2016-03",,,,,"14","1,N","3","1,N",,,,,,,,,,,,,,,,,,,,,"0.63","1,,N,11,",,,,,,,,,"1.40","1,,,N",,,,,,,,
"US1NYTM0015","NEWFIELD 2.5 S, NY US","42.32231","-76.58989","487.1","2016-04",,,,,"9","5,","8","5,",,,,,,,,,,,,,,,,,,,,,"0.56","5,,,08,",,,,,,,,,"2.80","2,a,,",,,,,,,,
"US1NYTM0015","NEWFIELD 2.5 S, NY US","42.32231","-76.58989","487.1","2016-06",,,,,"7","2,N","3","2,N",,,,,,,,,,,,,,,,,,,,,"0.29","2,,N,03,",,,,,,,,,"0.94","2,,,N",,,,,,,,
"US1NYTM0015","NEWFIELD 2.5 S, NY US","42.32231","-76.58989","487.1","2016-08",,,,,"11",",N","9",",N",,,,,,,,,,,,,,,,,,,,,"1.20",",,N,19,",,,,,,,,,"4.11",",,,N",,,,,,,,
"US1NYTM0015","NEWFIELD 2.5 S, NY US","42.32231","-76.58989","487.1","2016-09",,,,,"10",",N","6",",N",,,,,,,,,,,,,,,,,,,,,"0.36",",,N,09,",,,,,,,,,"1.12",",,,N",,,,,,,,
"US1NYTM0015","NEWFIELD 2.5 S, NY US","42.32231","-76.58989","487.1","2016-10",,,,,"14","5,N","9","5,N",,,,,,,,,,,,,,,,,,,,,"2.90","5,,N,21,",,,,,,,,,"7.02",",a,,N",,,,,,,,
"US1NYTM0015","NEWFIELD 2.5 S, NY US","42.32231","-76.58989","487.1","2016-11",,,,,"10",",N","4",",N",,,,,,,,,,,,,,,,,,,,,"0.50",",,N,21,",,,,,,,,,"1.57",",,,N",,,,,,,,
"US1NYTM0015","NEWFIELD 2.5 S, NY US","42.32231","-76.58989","487.1","2016-12",,,,,"19","3,N","7","3,N",,,"8","3,N",,,,,,,,,,,,,,,"4.9","3,,N,12,","0.79","3,,N,07,",,,,,,,,,"3.54","3,,,N","23.7","3,,,N",,,,,,
"US1NYTM0015","NEWFIELD 2.5 S, NY US","42.32231","-76.58989","487.1","2017-01",,,,,"16",",N","6",",N",,,"4","3,N",,,,,,,,,,,,,,,"6.4","3,,N,24,","1.08",",,N,24,",,,,,,,,,"2.87",",,,N","13.3","3,,,N",,,,,,
"US1NYTM0015","NEWFIELD 2.5 S, NY US","42.32231","-76.58989","487.1","2017-03",,,,,"17",",N","9",",N",,,"6","1,N",,,,,,,,,,,,,,,"10.6","1,,N,15,","0.96",",,N,26,",,,,,,,,,"3.87",",,,N","22.6","1,,,N",,,,,,
"US1NYTM0015","NEWFIELD 2.5 S, NY US","42.32231","-76.58989","487.1","2017-04",,,,,"12","2,N","4","2,N",,,,,,,,,,,,,,,,,,,,,"1.38","2,,N,07,",,,,,,,,,"5.07",",a,,N",,,,,,,,
"US1NYTM0015","NEWFIELD 2.5 S, NY US","42.32231","-76.58989","487.1","2017-06",,,,,"12","3,N","9","3,N",,,,,,,,,,,,,,,,,,,,,"1.22","3,,N,20,",,,,,,,,,"4.24",",a,,N",,,,,,,,
"US1NYTM0015","NEWFIELD 2.5 S, NY US","42.32231","-76.58989","487.1","2017-07",,,,,"16",",N","10",",N",,,,,,,,,,,,,,,,,,,,,"0.98",",,N,21,",,,,,,,,,"5.44",",,,N",,,,,,,,
"US1NYTM0015","NEWFIELD 2.5 S, NY US","42.32231","-76.58989","487.1","2017-09",,,,,"7","4,N","5","4,N",,,,,,,,,,,,,,,,,,,,,"0.79","4,,N,06,",,,,,,,,,"2.26",",a,,N",,,,,,,,
"US1NYTM0015","NEWFIELD 2.5 S, NY US","42.32231","-76.58989","487.1","2017-10",,,,,"10","5,N","7","5,N",,,,,,,,,,,,,,,,,,,,,"0.91","5,,N,24,",,,,,,,,,"7.74",",a,,N",,,,,,,,
"US1NYTM0015","NEWFIELD 2.5 S, NY US","42.32231","-76.58989","487.1","2017-12",,,,,"13","2,N","4","2,N",,,,,,,,,,,,,,,,,,,,,"0.42","2,,N,24,",,,,,,,,,"1.41",",a,,N",,,,,,,,
"US1NYTM0015","NEWFIELD 2.5 S, NY US","42.32231","-76.58989","487.1","2018-01",,,,,"14","1,N","3","1,N",,,"7","1,N",,,,,,,,,,,,,,,"4.3","1,,N,13,","0.90","1,,N,12,",,,,,,,,,"2.43","1,,,N","15.9","1,,,N",,,,,,
"US1NYTM0015","NEWFIELD 2.5 S, NY US","42.32231","-76.58989","487.1","2018-02",,,,,"15",",N","7",",N",,,"7","3,N",,,,,,,,,,,,,,,"5.5","3,,N,08,","0.71",",,N,08,",,,,,,,,,"2.51",",,,N","20.1","3,,,N",,,,,,
"US1NYTM0015","NEWFIELD 2.5 S, NY US","42.32231","-76.58989","487.1","2018-03",,,,,"13",",N","9",",N",,,"8","2,N",,,,,,,,,,,,,,,"8.3","2,,N,15,","1.19",",,N,02,",,,,,,,,,"3.51",",,,N","29.8","2,,,N",,,,,,
"US1NYTM0015","NEWFIELD 2.5 S, NY US","42.32231","-76.58989","487.1","2018-06",,,,,"15",",N","7",",N",,,,,,,,,,,,,,,,,,,,,"0.71",",,N,19,",,,,,,,,,"2.96",",,,N",,,,,,,,
"US1NYTM0015","NEWFIELD 2.5 S, NY US","42.32231","-76.58989","487.1","2018-07",,,,,"12",",N","9",",N",,,,,,,,,,,,,,,,,,,,,"1.88",",,N,24,",,,,,,,,,"7.55",",,,N",,,,,,,,
"US1NYTM0015","NEWFIELD 2.5 S, NY US","42.32231","-76.58989","487.1","2018-08",,,,,"17",",N","11",",N",,,,,,,,,,,,,,,,,,,,,"2.28",",,N,14,",,,,,,,,,"6.30",",,,N",,,,,,,,
"US1NYTM0015","NEWFIELD 2.5 S, NY US","42.32231","-76.58989","487.1","2018-09",,,,,"11",",N","8",",N",,,,,,,,,,,,,,,,,,,,,"2.20",",,N,18,",,,,,,,,,"7.03",",,,N",,,,,,,,
"US1NYTM0015","NEWFIELD 2.5 S, NY US","42.32231","-76.58989","487.1","2018-10",,,,,"19",",N","12",",N",,,,,,,,,,,,,,,,,,,,,"0.90",",,N,28,",,,,,,,,,"4.74",",,,N",,,,,,,,
"US1NYTM0015","NEWFIELD 2.5 S, NY US","42.32231","-76.58989","487.1","2018-12",,,,,"15","1,N","6","1,N",,,,,,,,,,,,,,,,,,,,,"1.57","1,,N,22,",,,,,,,,,"3.16","1,,,N",,,,,,,,
"US1NYTM0003","ITHACA 1.1 SE, NY US","42.431732","-76.4886","198.1","2016-01",,,,,,,,,"11","1,N","1","1,N",,,,,,,,,,,,,"2","1,,N,21,","1.1","1,,N,21,",,,,,,,,,,,,,"5.6","1,,,N",,,,,,
"US1NYTM0003","ITHACA 1.1 SE, NY US","42.431732","-76.4886","198.1","2016-11",,,,,,,,,"4",",N","2",",N",,,,,,,,,,,,,"7",",,N,21,","7.0",",,N,21,",,,,,,,,,,,,,"9.1",",,,N",,,,,,
"US1NYTM0003","ITHACA 1.1 SE, NY US","42.431732","-76.4886","198.1","2016-12",,,,,,,,,,,"4","5,N",,,,,,,,,,,,,,,"3.0","5,,N,17,",,,,,,,,,,,,,"12.8","5,,,N",,,,,,
"US1NYTM0003","ITHACA 1.1 SE, NY US","42.431732","-76.4886","198.1","2017-02",,,,,,,,,,,"3","3,N",,,,,,,,,,,,,,,"2.8","3,,N,09,",,,,,,,,,,,,,"7.9","3,,,N",,,,,,
"US1NYTM0003","ITHACA 1.1 SE, NY US","42.431732","-76.4886","198.1","2017-03",,,,,,,,,,,"4","3,N",,,,,,,,,,,,,,,"10.5","3,,N,15,",,,,,,,,,,,,,"17.0","3,,,N",,,,,,
"US1NYTM0003","ITHACA 1.1 SE, NY US","42.431732","-76.4886","198.1","2018-02",,,,,,,,,,,"5","3,N",,,,,,,,,,,,,,,"4.0","3,,N,08,",,,,,,,,,,,,,"12.7","3,,,N",,,,,,
"US1NYTM0003","ITHACA 1.1 SE, NY US","42.431732","-76.4886","198.1","2018-04",,,,,,,,,"0","3,N","0","3,N",,,,,,,,,,,,,"1","3,,N,20,+","0.7","3,,N,20,",,,,,,,,,,,,,"2.5","3,,,N",,,,,,
"US1NYTM0006","CAROLINE CENTER 0.1 SE, NY US","42.35204","-76.31838","484.6","2016-05",,,,,,,,,,,,,,,,,,,,,,,,,,,,,,,,,,,,,,,"2.11","5,a,,N",,,,,,,,
"US1NYTM0006","CAROLINE CENTER 0.1 SE, NY US","42.35204","-76.31838","484.6","2016-06",,,,,"9","3,N","3","3,N",,,,,,,,,,,,,,,,,,,,,"0.55","3,,N,06,",,,,,,,,,"1.14","3,,,N",,,,,,,,
"US1NYTM0006","CAROLINE CENTER 0.1 SE, NY US","42.35204","-76.31838","484.6","2016-07",,,,,,,,,,,,,,,,,,,,,,,,,,,,,,,,,,,,,,,"2.54","1,a,,N",,,,,,,,
"US1NYTM0006","CAROLINE CENTER 0.1 SE, NY US","42.35204","-76.31838","484.6","2016-08",,,,,"17","5,N","7","5,N",,,,,,,,,,,,,,,,,,,,,"1.22","5,,N,22,",,,,,,,,,"3.37","5,,,N",,,,,,,,
"US1NYTM0006","CAROLINE CENTER 0.1 SE, NY US","42.35204","-76.31838","484.6","2016-09",,,,,"13","1,N","5","1,N",,,,,,,,,,,,,,,,,,,,,"0.35","1,,N,11,",,,,,,,,,"1.17","1,,,N",,,,,,,,
"US1NYTM0006","CAROLINE CENTER 0.1 SE, NY US","42.35204","-76.31838","484.6","2016-10",,,,,,,,,,,,,,,,,,,,,,,,,,,,,,,,,,,,,,,"5.80","2,a,,N",,,,,,,,
"US1NYTM0006","CAROLINE CENTER 0.1 SE, NY US","42.35204","-76.31838","484.6","2017-02",,,,,,,,,"22","3,N","8","4,N",,,,,,,,,,,,,"16","3,,N,16,","7.2","4,,N,13,",,,,,,,,,,,,,"28.9","4,,,N",,,,,,
"US1NYTM0006","CAROLINE CENTER 0.1 SE, NY US","42.35204","-76.31838","484.6","2017-04",,,,,,,,,,,,,,,,,,,,,,,,,,,,,,,,,,,,,,,"4.47","4,a,,N",,,,,,,,
"US1NYTM0006","CAROLINE CENTER 0.1 SE, NY US","42.35204","-76.31838","484.6","2017-05",,,,,,,,,,,,,,,,,,,,,,,,,,,,,,,,,,,,,,,"5.23","3,a,,N",,,,,,,,
"US1NYTM0006","CAROLINE CENTER 0.1 SE, NY US","42.35204","-76.31838","484.6","2017-06",,,,,"12","5,N","9","5,N",,,,,,,,,,,,,,,,,,,,,"0.74","5,,N,20,",,,,,,,,,"3.64","3,a,,N",,,,,,,,
"US1NYTM0006","CAROLINE CENTER 0.1 SE, NY US","42.35204","-76.31838","484.6","2017-07",,,,,,,,,,,,,,,,,,,,,,,,,,,,,,,,,,,,,,,"6.28","2,a,,N",,,,,,,,
"US1NYTM0017","ITHACA 2.6 NW, NY US","42.497222","-76.580278","305.1","2016-01",,,,,"13","5,N","3","5,N",,,,,,,,,,,,,,,,,,,,,"0.62","5,,N,10,",,,,,,,,,"1.46","5,,,N",,,,,,,,
"US1NYTM0017","ITHACA 2.6 NW, NY US","42.497222","-76.580278","305.1","2016-03",,,,,"14",",N","5",",N",,,,,,,,,,,,,,,,,,,,,"0.62",",,N,11,",,,,,,,,,"1.48",",,,N",,,,,,,,
"US1NYTM0017","ITHACA 2.6 NW, NY US","42.497222","-76.580278","305.1","2016-04",,,,,"13","1,N","7","1,N",,,,,,,,,,,,,,,,,,,,,"0.39","1,,N,12,",,,,,,,,,"1.92","1,,,N",,,,,,,,
"US1NYTM0017","ITHACA 2.6 NW, NY US","42.497222","-76.580278","305.1","2016-06",,,,,"8",",N","2",",N",,,,,,,,,,,,,,,,,,,,,"0.42",",,N,06,",,,,,,,,,"0.87",",,,N",,,,,,,,
"US1NYTM0017","ITHACA 2.6 NW, NY US","42.497222","-76.580278","305.1","2016-07",,,,,"7","1,N","5","1,N",,,,,,,,,,,,,,,,,,,,,"0.53","1,,N,26,",,,,,,,,,"1.64","1,,,N",,,,,,,,
"US1NYTM0017","ITHACA 2.6 NW, NY US","42.497222","-76.580278","305.1","2016-09",,,,,"6","5,N","3","5,N",,,,,,,,,,,,,,,,,,,,,"1.35","5,,N,18,",,,,,,,,,"2.51",",a,,N",,,,,,,,
"US1NYTM0017","ITHACA 2.6 NW, NY US","42.497222","-76.580278","305.1","2016-11",,,,,"12",",N","7",",N",,,,,,,,,,,,,,,,,,,,,"0.24",",,N,21,+",,,,,,,,,"1.47",",,,N",,,,,,,,
"US1NYTM0017","ITHACA 2.6 NW, NY US","42.497222","-76.580278","305.1","2017-01",,,,,"19","3,N","5","3,N",,,,,,,,,,,,,,,,,,,,,"0.91","3,,N,24,",,,,,,,,,"3.09",",a,,N",,,,,,,,
"US1NYTM0017","ITHACA 2.6 NW, NY US","42.497222","-76.580278","305.1","2017-02",,,,,"15",",N","6",",N",,,,,,,,,,,,,,,,,,,,,"0.64",",,N,13,",,,,,,,,,"2.50",",,,N",,,,,,,,
"US1NYTM0017","ITHACA 2.6 NW, NY US","42.497222","-76.580278","305.1","2017-03",,,,,"15","4,N","8","4,N",,,,,,,,,,,,,,,,,,,,,"0.72","4,,N,25,",,,,,,,,,"3.10",",a,,N",,,,,,,,
"US1NYTM0017","ITHACA 2.6 NW, NY US","42.497222","-76.580278","305.1","2017-04",,,,,"13","4,N","7","4,N",,,,,,,,,,,,,,,,,,,,,"1.56","4,,N,21,",,,,,,,,,"4.78",",a,,N",,,,,,,,
"US1NYTM0017","ITHACA 2.6 NW, NY US","42.497222","-76.580278","305.1","2017-06",,,,,"15","1,N","10","1,N",,,,,,,,,,,,,,,,,,,,,"0.76","1,,N,06,",,,,,,,,,"3.84","1,,,N",,,,,,,,
"US1NYTM0017","ITHACA 2.6 NW, NY US","42.497222","-76.580278","305.1","2017-08",,,,,"9",",N","4",",N",,,,,,,,,,,,,,,,,,,,,"0.65",",,N,23,",,,,,,,,,"1.31",",,,N",,,,,,,,
"US1NYTM0017","ITHACA 2.6 NW, NY US","42.497222","-76.580278","305.1","2017-09",,,,,"14","3,N","7","3,N",,,,,,,,,,,,,,,,,,,,,"0.70","3,,N,06,",,,,,,,,,"2.07","3,,,N",,,,,,,,
"US1NYTM0017","ITHACA 2.6 NW, NY US","42.497222","-76.580278","305.1","2017-10",,,,,"12",",N","8",",N",,,,,,,,,,,,,,,,,,,,,"2.96",",,N,30,",,,,,,,,,"6.60",",,,N",,,,,,,,
"US1NYTM0017","ITHACA 2.6 NW, NY US","42.497222","-76.580278","305.1","2017-11",,,,,"17",",N","5",",N",,,,,,,,,,,,,,,,,,,,,"0.74",",,N,02,",,,,,,,,,"2.00",",,,N",,,,,,,,
"US1NYTM0017","ITHACA 2.6 NW, NY US","42.497222","-76.580278","305.1","2018-01",,,,,"13","1,N","4","1,N",,,,,,,,,,,,,,,,,,,,,"1.12","1,,N,12,",,,,,,,,,"2.62","1,,,N",,,,,,,,
"US1NYTM0017","ITHACA 2.6 NW, NY US","42.497222","-76.580278","305.1","2018-02",,,,,"18","3,N","5","3,N",,,,,,,,,,,,,,,,,,,,,"0.52","3,,N,23,",,,,,,,,,"2.23",",a,,N",,,,,,,,
"US1NYTM0017","ITHACA 2.6 NW, NY US","42.497222","-76.580278","305.1","2018-03",,,,,"14",",N","5",",N",,,,,,,,,,,,,,,,,,,,,"1.01",",,N,02,",,,,,,,,,"2.93",",,,N",,,,,,,,
"US1NYTM0017","ITHACA 2.6 NW, NY US","42.497222","-76.580278","305.1","2018-04",,,,,"20",",N","8",",N",,,,,,,,,,,,,,,,,,,,,"0.56",",,N,17,",,,,,,,,,"2.02",",,,N",,,,,,,,
"US1NYTM0017","ITHACA 2.6 NW, NY US","42.497222","-76.580278","305.1","2018-05",,,,,"16",",N","8",",N",,,,,,,,,,,,,,,,,,,,,"0.78",",,N,23,",,,,,,,,,"2.77",",,,N",,,,,,,,
"US1NYTM0017","ITHACA 2.6 NW, NY US","42.497222","-76.580278","305.1","2018-07",,,,,"13","1,N","8","1,N",,,,,,,,,,,,,,,,,,,,,"1.68","1,,N,26,",,,,,,,,,"7.06","1,,,N",,,,,,,,
"US1NYTM0017","ITHACA 2.6 NW, NY US","42.497222","-76.580278","305.1","2018-08",,,,,"21",",N","10",",N",,,,,,,,,,,,,,,,,,,,,"1.26",",,N,09,",,,,,,,,,"4.70",",,,N",,,,,,,,
"US1NYTM0017","ITHACA 2.6 NW, NY US","42.497222","-76.580278","305.1","2018-10",,,,,"22",",N","13",",N",,,,,,,,,,,,,,,,,,,,,"0.93",",,N,28,",,,,,,,,,"4.52",",,,N",,,,,,,,
"US1NYTM0017","ITHACA 2.6 NW, NY US","42.497222","-76.580278","305.1","2018-12",,,,,"21",",N","5",",N",,,,,,,,,,,,,,,,,,,,,"1.78",",,N,22,",,,,,,,,,"3.06",",,,N",,,,,,,,
"US1NYTM0028","ITHACA 2.2 NW, NY US","42.465323","-76.535193","250.5","2018-05",,,,,,,,,,,,,,,,,,,,,,,,,,,,,,,,,,,,,,,"3.20",",a,,N",,,,,,,,
"US1NYTM0028","ITHACA 2.2 NW, NY US","42.465323","-76.535193","250.5","2018-06",,,,,,,,,,,,,,,,,,,,,,,,,,,,,,,,,,,,,,,"2.52",",a,,",,,,,,,,
"US1NYTM0028","ITHACA 2.2 NW, NY US","42.465323","-76.535193","250.5","2018-10",,,,,,,,,,,,,,,,,,,,,,,,,,,,,,,,,,,,,,,"4.59",",a,,N",,,,,,,,
"US1NYTM0039","ITHACA 8.5 W, NY US","42.4267120361328","-76.6682662963867","468.5","2016-08",,,,,"11","3,N","8","3,N",,,,,,,,,,,,,,,,,,,,,"0.81","3,,N,10,",,,,,,,,,"3.44","3,,,N",,,,,,,,
"US1NYTM0039","ITHACA 8.5 W, NY US","42.4267120361328","-76.6682662963867","468.5","2016-09",,,,,"8","2,N","4","2,N",,,,,,,,,,,,,,,,,,,,,"1.25","2,,N,18,",,,,,,,,,"2.03","2,,,N",,,,,,,,
"US1NYTM0039","ITHACA 8.5 W, NY US","42.4267120361328","-76.6682662963867","468.5","2016-10",,,,,"18","2,N","12","2,N",,,,,,,,,,,,,,,,,,,,,"3.24","2,,N,21,",,,,,,,,,"7.28","2,,,N",,,,,,,,
"US1NYTM0039","ITHACA 8.5 W, NY US","42.4267120361328","-76.6682662963867","468.5","2017-05",,,,,"20","3,N","11","3,N",,,,,,,,,,,,,,,,,,,,,"0.92","3,,N,02,",,,,,,,,,"4.89","3,,,N",,,,,,,,
"US1NYTM0039","ITHACA 8.5 W, NY US","42.4267120361328","-76.6682662963867","468.5","2017-08",,,,,"9","4,N","6","4,N",,,,,,,,,,,,,,,,,,,,,"0.99","4,,N,23,",,,,,,,,,"2.48",",a,,N",,,,,,,,
"US1NYTM0039","ITHACA 8.5 W, NY US","42.4267120361328","-76.6682662963867","468.5","2017-09",,,,,,,,,,,,,,,,,,,,,,,,,,,,,,,,,,,,,,,"1.85",",a,,N",,,,,,,,
"US1NYTM0039","ITHACA 8.5 W, NY US","42.4267120361328","-76.6682662963867","468.5","2017-10",,,,,"11","4,N","7","4,N",,,,,,,,,,,,,,,,,,,,,"2.63","4,,N,30,",,,,,,,,,"5.43","2,a,,N",,,,,,,,
"US1NYTM0005","FREEVILLE 1.5 NE, NY US","42.5253","-76.3218","327.1","2016-01",,,,,"13","2,N","2","2,N","16","2,N","3","2,N",,,,,,,,,,,,,"3","2,,N,21,","1.2","2,,N,21,","0.70","2,,N,10,",,,,,,,,,"1.65","2,,,N","5.7","2,,,N",,,,,,
"US1NYTM0005","FREEVILLE 1.5 NE, NY US","42.5253","-76.3218","327.1","2016-02",,,,,"14","2,N","5","2,N","12","2,N","3","2,N",,,,,,,,,,,,,"3","2,,N,18,","1.5","2,,N,26,","1.49","2,,N,17,",,,,,,,,,"3.78","2,,,N","6.5","2,,,N",,,,,,
"US1NYTM0005","FREEVILLE 1.5 NE, NY US","42.5253","-76.3218","327.1","2016-03",,,,,"13","2,N","4","2,N","0","2,N","0","2,N",,,,,,,,,,,,,"0","2,T,N,06,+","0.3","2,,N,06,","0.76","2,,N,11,",,,,,,,,,"1.60","2,,,N","0.7","2,,,N",,,,,,
"US1NYTM0005","FREEVILLE 1.5 NE, NY US","42.5253","-76.3218","327.1","2016-04",,,,,"14",",N","10",",N","4",",N","3",",N",,,,,,,,,,,,,"6",",,N,05,","4.5",",,N,03,","0.46",",,N,03,",,,,,,,,,"2.93",",,,N","8.1",",,,N",,,,,,
"US1NYTM0005","FREEVILLE 1.5 NE, NY US","42.5253","-76.3218","327.1","2016-05",,,,,"14",",N","8",",N","0",",N","0",",N",,,,,,,,,,,,,"0",",,N,31,+","0.0",",T,N,16,","0.47",",,N,03,",,,,,,,,,"2.41",",,,N","0.0",",T,,N",,,,,,
"US1NYTM0005","FREEVILLE 1.5 NE, NY US","42.5253","-76.3218","327.1","2016-06",,,,,"8","2,N","4","2,N","0","2,N","0","2,N",,,,,,,,,,,,,"0","2,,N,30,+","0.0","2,,N,30,+","0.67","2,,N,06,",,,,,,,,,"1.42","2,,,N","0.0","2,,,N",,,,,,
"US1NYTM0005","FREEVILLE 1.5 NE, NY US","42.5253","-76.3218","327.1","2016-07",,,,,"11","3,N","6","3,N","0","3,N","0","3,N",,,,,,,,,,,,,"0","3,,N,31,+","0.0","3,,N,31,+","0.42","3,,N,26,",,,,,,,,,"1.54","3,,,N","0.0","3,,,N",,,,,,
"US1NYTM0005","FREEVILLE 1.5 NE, NY US","42.5253","-76.3218","327.1","2016-08",,,,,"13","1,N","7","1,N","0","1,N","0","1,N",,,,,,,,,,,,,"0","1,,N,31,+","0.0","1,,N,31,+","1.84","1,,N,10,",,,,,,,,,"4.43","1,,,N","0.0","1,,,N",,,,,,
"US1NYTM0005","FREEVILLE 1.5 NE, NY US","42.5253","-76.3218","327.1","2016-09",,,,,"9",",N","6",",N","0",",N","0",",N",,,,,,,,,,,,,"0",",,N,30,+","0.0",",,N,30,+","1.29",",,N,18,",,,,,,,,,"3.05",",,,N","0.0",",,,N",,,,,,
"US1NYTM0005","FREEVILLE 1.5 NE, NY US","42.5253","-76.3218","327.1","2016-10",,,,,"18","1,N","14","1,N","1","1,N","1","1,N",,,,,,,,,,,,,"1","1,,N,27,","1.1","1,,N,27,","3.04","1,,N,21,",,,,,,,,,"6.83","1,,,N","1.1","1,,,N",,,,,,
"US1NYTM0005","FREEVILLE 1.5 NE, NY US","42.5253","-76.3218","327.1","2016-11",,,,,"13","1,N","5","1,N","4","4,N","3","1,N",,,,,,,,,,,,,"12","4,,N,22,","7.9","1,,N,21,","0.56","1,,N,21,",,,,,,,,,"1.82","1,,,N","15.8","1,,,N",,,,,,
"US1NYTM0005","FREEVILLE 1.5 NE, NY US","42.5253","-76.3218","327.1","2016-12",,,,,"21","2,N","12","2,N","21","2,N","11","2,N",,,,,,,,,,,,,"8","2,,N,17,","3.7","2,,N,12,","0.60","2,,N,07,",,,,,,,,,"3.57","2,,,N","20.7","2,,,N",,,,,,
"US1NYTM0005","FREEVILLE 1.5 NE, NY US","42.5253","-76.3218","327.1","2017-01",,,,,"18","2,N","8","2,N","14","2,N","2","2,N",,,,,,,,,,,,,"4","2,,N,24,","3.5","2,,N,24,","0.85","2,,N,24,+",,,,,,,,,"3.78","2,,,N","7.8","2,,,N",,,,,,
"US1NYTM0005","FREEVILLE 1.5 NE, NY US","42.5253","-76.3218","327.1","2017-02",,,,,"12","2,N","7","2,N","16","2,N","6","2,N",,,,,,,,,,,,,"8","2,,N,17,","4.9","2,,N,13,","0.79","2,,N,13,",,,,,,,,,"2.45","2,,,N","15.0","2,,,N",,,,,,
"US1NYTM0005","FREEVILLE 1.5 NE, NY US","42.5253","-76.3218","327.1","2017-04",,,,,"12","1,N","11","1,N","2","1,N","0","1,N",,,,,,,,,,,,,"1","1,,N,08,+","0.5","1,,N,07,","1.47","1,,N,21,+",,,,,,,,,"5.65","1,,,N","0.6","1,,,N",,,,,,
"US1NYTM0005","FREEVILLE 1.5 NE, NY US","42.5253","-76.3218","327.1","2017-05",,,,,"17",",N","14",",N","0",",N","0",",N",,,,,,,,,,,,,"0",",,N,31,+","0.0",",T,N,15,","1.22",",,N,02,",,,,,,,,,"5.48",",,,N","0.0",",T,,N",,,,,,
"US1NYTM0005","FREEVILLE 1.5 NE, NY US","42.5253","-76.3218","327.1","2017-06",,,,,"15",",N","11",",N","0","1,N","0","1,N",,,,,,,,,,,,,"0","1,,N,30,+","0.0","1,,N,30,+","0.90",",,N,20,",,,,,,,,,"5.03",",,,N","0.0","1,,,N",,,,,,
"US1NYTM0005","FREEVILLE 1.5 NE, NY US","42.5253","-76.3218","327.1","2017-07",,,,,"15",",N","12",",N","0",",N","0",",N",,,,,,,,,,,,,"0",",,N,31,+","0.0",",,N,31,+","1.38",",,N,14,",,,,,,,,,"6.11",",,,N","0.0",",,,N",,,,,,
"US1NYTM0005","FREEVILLE 1.5 NE, NY US","42.5253","-76.3218","327.1","2017-08",,,,,"8","1,N","5","1,N","0","1,N","0","1,N",,,,,,,,,,,,,"0","1,,N,31,+","0.0","1,,N,31,+","0.81","1,,N,23,",,,,,,,,,"2.24","1,,,N","0.0","1,,,N",,,,,,
"US1NYTM0005","FREEVILLE 1.5 NE, NY US","42.5253","-76.3218","327.1","2017-09",,,,,"12",",N","10",",N","0",",N","0",",N",,,,,,,,,,,,,"0",",,N,30,+","0.0",",,N,30,+","1.05",",,N,06,",,,,,,,,,"3.10",",,,N","0.0",",,,N",,,,,,
"US1NYTM0005","FREEVILLE 1.5 NE, NY US","42.5253","-76.3218","327.1","2017-10",,,,,"14",",N","10",",N","0","1,N","0","1,N",,,,,,,,,,,,,"0","1,,N,31,+","0.0","1,,N,31,+","3.17",",,N,30,",,,,,,,,,"7.12",",,,N","0.0","1,,,N",,,,,,
"US1NYTM0005","FREEVILLE 1.5 NE, NY US","42.5253","-76.3218","327.1","2017-11",,,,,"13",",N","7",",N","0",",N","0",",N",,,,,,,,,,,,,"0",",T,N,17,+","0.3",",,N,10,","0.66",",,N,02,",,,,,,,,,"2.43",",,,N","0.3",",,,N",,,,,,
"US1NYTM0005","FREEVILLE 1.5 NE, NY US","42.5253","-76.3218","327.1","2017-12",,,,,"21",",N","3",",N","17",",N","7","1,N",,,,,,,,,,,,,"5",",,N,31,+","1.5","1,,N,17,+","0.64",",,N,24,",,,,,,,,,"1.85",",,,N","14.1","1,,,N",,,,,,
"US1NYTM0005","FREEVILLE 1.5 NE, NY US","42.5253","-76.3218","327.1","2018-01",,,,,"18",",N","6",",N","22",",N","6",",N",,,,,,,,,,,,,"8",",,N,18,+","3.9",",,N,13,","0.94",",,N,13,",,,,,,,,,"2.53",",,,N","13.9",",,,N",,,,,,
"US1NYTM0005","FREEVILLE 1.5 NE, NY US","42.5253","-76.3218","327.1","2018-02",,,,,"15","1,N","8","1,N","16","1,N","6","1,N",,,,,,,,,,,,,"10","1,,N,09,+","6.0","1,,N,08,","0.58","1,,N,08,",,,,,,,,,"2.72","1,,,N","18.1","1,,,N",,,,,,
"US1NYTM0005","FREEVILLE 1.5 NE, NY US","42.5253","-76.3218","327.1","2018-03",,,,,"14","1,N","9","1,N","23","1,N","7","1,N",,,,,,,,,,,,,"9","1,,N,17,+","3.0","1,,N,14,","0.95","1,,N,30,",,,,,,,,,"3.31","1,,,N","16.8","1,,,N",,,,,,
"US1NYTM0005","FREEVILLE 1.5 NE, NY US","42.5253","-76.3218","327.1","2018-04",,,,,"14","1,N","6","1,N","1","1,N","0","1,N",,,,,,,,,,,,,"1","1,,N,18,","0.5","1,,N,18,+","0.77","1,,N,17,",,,,,,,,,"1.95","1,,,N","1.8","1,,,N",,,,,,
"US1NYTM0005","FREEVILLE 1.5 NE, NY US","42.5253","-76.3218","327.1","2018-05",,,,,"14",",N","9",",N","0",",N","0",",N",,,,,,,,,,,,,"0",",,N,31,+","0.0",",,N,31,+","1.76",",,N,29,",,,,,,,,,"4.41",",,,N","0.0",",,,N",,,,,,
"US1NYTM0005","FREEVILLE 1.5 NE, NY US","42.5253","-76.3218","327.1","2018-06",,,,,"12",",N","4",",N","0",",N","0",",N",,,,,,,,,,,,,"0",",,N,30,+","0.0",",,N,30,+","0.50",",,N,14,",,,,,,,,,"1.96",",,,N","0.0",",,,N",,,,,,
"US1NYTM0005","FREEVILLE 1.5 NE, NY US","42.5253","-76.3218","327.1","2018-08",,,,,"16",",N","9",",N","0",",N","0",",N",,,,,,,,,,,,,"0",",,N,31,+","0.0",",,N,31,+","1.09",",,N,09,",,,,,,,,,"4.51",",,,N","0.0",",,,N",,,,,,
"US1NYTM0005","FREEVILLE 1.5 NE, NY US","42.5253","-76.3218","327.1","2018-09",,,,,"11",",N","8",",N","0","1,N","0","1,N",,,,,,,,,,,,,"0","1,,N,30,+","0.0","1,,N,30,+","1.84",",,N,11,",,,,,,,,,"5.02",",,,N","0.0","1,,,N",,,,,,
"US1NYTM0005","FREEVILLE 1.5 NE, NY US","42.5253","-76.3218","327.1","2018-10",,,,,"18",",N","12",",N","0",",N","0",",N",,,,,,,,,,,,,"0",",,N,31,+","0.0",",T,N,22,+","1.01",",,N,28,",,,,,,,,,"4.52",",,,N","0.0",",T,,N",,,,,,
"US1NYTM0005","FREEVILLE 1.5 NE, NY US","42.5253","-76.3218","327.1","2018-11",,,,,"22","1,N","13","1,N","15","1,N","6","1,N",,,,,,,,,,,,,"9","1,,N,29,","7.9","1,,N,16,","1.01","1,,N,16,",,,,,,,,,"5.29","1,,,N","23.7","1,,,N",,,,,,
"US1NYTM0005","FREEVILLE 1.5 NE, NY US","42.5253","-76.3218","327.1","2018-12",,,,,"21",",N","7",",N","21",",N","6",",N",,,,,,,,,,,,,"6",",,N,01,","1.7",",,N,24,","0.84",",,N,22,",,,,,,,,,"2.48",",,,N","10.6",",,,N",,,,,,
"US1NYTM0027","GROTON 3.2 SSW, NY US","42.547256","-76.399606","422.1","2018-06",,,,,"13",",N","4",",N",,,,,,,,,,,,,,,,,,,,,"0.71",",,N,14,",,,,,,,,,"2.28",",,,N",,,,,,,,
"US1NYTM0027","GROTON 3.2 SSW, NY US","42.547256","-76.399606","422.1","2018-07",,,,,"11",",N","9",",N",,,,,,,,,,,,,,,,,,,,,"1.15",",,N,25,",,,,,,,,,"5.96",",,,N",,,,,,,,
"US1NYTM0027","GROTON 3.2 SSW, NY US","42.547256","-76.399606","422.1","2018-09",,,,,"9","5,N","6","5,N",,,,,,,,,,,,,,,,,,,,,"1.74","5,,N,11,",,,,,,,,,"5.13","3,a,,N",,,,,,,,
"US1NYTM0038","TRUMANSBURG 0.4 WNW, NY US","42.542059","-76.6687","302.1","2016-02",,,,,"13","4,N","8","4,N",,,"4","4,N",,,,,,,,,,,,,,,"2.6","4,,N,18,","1.48","4,,N,17,",,,,,,,,,"3.94","1,a,,N","8.1","4,,,N",,,,,,
"US1NYTM0038","TRUMANSBURG 0.4 WNW, NY US","42.542059","-76.6687","302.1","2016-03",,,,,"15",",N","4",",N","0",",N","0",",N",,,,,,,,,,,,,"0",",T,N,22,+","0.2",",,N,06,","0.62",",,N,11,",,,,,,,,,"1.49",",,,N","0.4",",,,N",,,,,,
"US1NYTM0038","TRUMANSBURG 0.4 WNW, NY US","42.542059","-76.6687","302.1","2016-04",,,,,"14","5,N","8","5,N",,,,,,,,,,,,,,,,,,,,,"0.40","5,,N,12,",,,,,,,,,"2.29",",a,,N",,,,,,,,
"US1NYTM0038","TRUMANSBURG 0.4 WNW, NY US","42.542059","-76.6687","302.1","2016-05",,,,,"12","4,N","4","4,N",,,"0","4,N",,,,,,,,,,,,,,,"0.0","4,T,N,16,","0.40","4,,N,01,",,,,,,,,,"1.88",",a,,N","0.0","4,T,,N",,,,,,
"US1NYTM0038","TRUMANSBURG 0.4 WNW, NY US","42.542059","-76.6687","302.1","2016-06",,,,,"7","3,N","1","3,N",,,"0","3,N",,,,,,,,,,,,,,,"0.0","3,,N,30,+","0.14","3,,N,28,",,,,,,,,,"0.85",",a,,N","0.0","3,,,N",,,,,,
"US1NYTM0038","TRUMANSBURG 0.4 WNW, NY US","42.542059","-76.6687","302.1","2016-07",,,,,"8","3,N","5","3,N",,,"0","3,N",,,,,,,,,,,,,,,"0.0","3,,N,31,+","0.83","3,,N,14,",,,,,,,,,"2.40",",a,,N","0.0","3,,,N",,,,,,
"US1NYTM0038","TRUMANSBURG 0.4 WNW, NY US","42.542059","-76.6687","302.1","2016-09",,,,,"10",",N","5",",N","0",",N","0",",N",,,,,,,,,,,,,"0",",,N,30,+","0.0",",,N,30,+","0.83",",,N,18,",,,,,,,,,"1.98",",,,N","0.0",",,,N",,,,,,
"US1NYTM0038","TRUMANSBURG 0.4 WNW, NY US","42.542059","-76.6687","302.1","2016-10",,,,,"21","5,N","10","5,N",,,"1","5,N",,,,,,,,,,,,,,,"1.8","5,,N,27,","2.37","5,,N,21,",,,,,,,,,"6.77",",a,,N","1.8","5,,,N",,,,,,
"US1NYTM0038","TRUMANSBURG 0.4 WNW, NY US","42.542059","-76.6687","302.1","2016-11",,,,,,,,,,,,,,,,,,,,,,,,,,,,,,,,,,,,,,,"2.04","3,a,,N",,,,,,,,
"US1NYTM0038","TRUMANSBURG 0.4 WNW, NY US","42.542059","-76.6687","302.1","2017-01",,,,,,,,,,,,,,,,,,,,,,,,,,,,,,,,,,,,,,,"2.74","5,a,,",,,,,,,,
"US1NYTM0038","TRUMANSBURG 0.4 WNW, NY US","42.542059","-76.6687","302.1","2017-02",,,,,"9","5,N","5","5,N",,,"3","2,N",,,,,,,,,,,,,,,"2.8","2,,N,09,","0.58","5,,N,26,",,,,,,,,,"2.20","3,a,,N","7.5","2,,,N",,,,,,
"US1NYTM0038","TRUMANSBURG 0.4 WNW, NY US","42.542059","-76.6687","302.1","2017-03",,,,,,,,,,,,,,,,,,,,,,,,,,,,,,,,,,,,,,,"4.10","3,a,,N",,,,,,,,
"US1NYTM0038","TRUMANSBURG 0.4 WNW, NY US","42.542059","-76.6687","302.1","2017-04",,,,,"11","4,N","7","4,N",,,"0","4,N",,,,,,,,,,,,,,,"0.5","4,,N,07,","1.32","4,,N,21,",,,,,,,,,"4.30",",a,,N","0.5","4,,,N",,,,,,
"US1NYTM0038","TRUMANSBURG 0.4 WNW, NY US","42.542059","-76.6687","302.1","2017-05",,,,,,,,,,,,,,,,,,,,,,,,,,,,,,,,,,,,,,,"5.35",",a,,N",,,,,,,,
"US1NYTM0038","TRUMANSBURG 0.4 WNW, NY US","42.542059","-76.6687","302.1","2017-06",,,,,"14","3,N","9","3,N",,,"0","3,N",,,,,,,,,,,,,,,"0.0","3,,N,30,+","1.61","3,,N,16,",,,,,,,,,"4.45",",a,,N","0.0","3,,,N",,,,,,
"US1NYTM0038","TRUMANSBURG 0.4 WNW, NY US","42.542059","-76.6687","302.1","2017-07",,,,,"14","4,N","6","4,N",,,"0","4,N",,,,,,,,,,,,,,,"0.0","4,,N,31,+","2.62","4,,N,14,",,,,,,,,,"8.74",",a,,N","0.0","4,,,N",,,,,,
"US1NYTM0038","TRUMANSBURG 0.4 WNW, NY US","42.542059","-76.6687","302.1","2017-08",,,,,"5","3,N","3","3,N",,,"0","3,N",,,,,,,,,,,,,,,"0.0","3,,N,31,+","0.64","3,,N,05,",,,,,,,,,"2.04",",a,,N","0.0","3,,,N",,,,,,
"US1NYTM0038","TRUMANSBURG 0.4 WNW, NY US","42.542059","-76.6687","302.1","2017-09",,,,,,,,,,,,,,,,,,,,,,,,,,,,,,,,,,,,,,,"2.57",",a,,N",,,,,,,,
"US1NYTM0038","TRUMANSBURG 0.4 WNW, NY US","42.542059","-76.6687","302.1","2018-01",,,,,,,,,,,,,,,,,,,,,,,,,,,,,,,,,,,,,,,"3.00","2,a,,N",,,,,,,,
"US1NYTM0038","TRUMANSBURG 0.4 WNW, NY US","42.542059","-76.6687","302.1","2018-02",,,,,"10","2,N","5","2,N",,,"4","2,N",,,,,,,,,,,,,,,"4.3","2,,N,23,+","0.52","2,,N,23,",,,,,,,,,"2.03",",a,,N","15.7","2,,,N",,,,,,
"US1NYTM0038","TRUMANSBURG 0.4 WNW, NY US","42.542059","-76.6687","302.1","2018-03",,,,,,,,,,,"7","5,N",,,,,,,,,,,,,,,"6.2","5,,N,02,",,,,,,,,,,,"3.27","2,a,,","22.5","5,,,N",,,,,,
"US1NYTM0038","TRUMANSBURG 0.4 WNW, NY US","42.542059","-76.6687","302.1","2018-10",,,,,,,,,,,,,,,,,,,,,,,,,,,,,,,,,,,,,,,"4.98","4,a,,N",,,,,,,,
"US1NYTM0007","GROTON 0.6 ESE, NY US","42.58441","-76.35492","359.7","2016-06",,,,,"9",",N","4",",N",,,,,,,,,,,,,,,,,,,,,"0.78",",,N,06,",,,,,,,,,"1.54",",,,N",,,,,,,,
"US1NYTM0007","GROTON 0.6 ESE, NY US","42.58441","-76.35492","359.7","2016-07",,,,,"11","1,N","6","1,N",,,,,,,,,,,,,,,,,,,,,"0.81","1,,N,26,",,,,,,,,,"1.74","1,,,N",,,,,,,,
"US1NYTM0007","GROTON 0.6 ESE, NY US","42.58441","-76.35492","359.7","2017-05",,,,,"17","1,N","15","1,N",,,,,,,,,,,,,,,,,,,,,"1.32","1,,N,31,",,,,,,,,,"6.04","1,,,N",,,,,,,,
"US1NYTM0018","EAST ITHACA 4.7 E, NY US","42.4191","-76.3733","353.9","2016-01",,,,,"14","4,N","3","4,N","14","4,N","5","4,N",,,,,,,,,,,,,"4","4,,N,22,","1.5","4,,N,18,+","0.74","4,,N,10,",,,,,,,,,"1.56","4,,,N","9.0","4,,,N",,,,,,
"US1NYTM0018","EAST ITHACA 4.7 E, NY US","42.4191","-76.3733","353.9","2016-02",,,,,"15",",N","9",",N","12","3,N","5",",N",,,,,,,,,,,,,"8","3,,N,18,","4.2",",,N,18,","1.50",",,N,17,",,,,,,,,,"4.37",",,,N","11.4",",,,N",,,,,,
"US1NYTM0018","EAST ITHACA 4.7 E, NY US","42.4191","-76.3733","353.9","2016-04",,,,,"14","1,N","10","1,N",,,,,,,,,,,,,,,,,,,,,"0.59","1,,N,08,",,,,,,,,,"3.09","1,,,N",,,,,,,,
"US1NYTM0018","EAST ITHACA 4.7 E, NY US","42.4191","-76.3733","353.9","2016-05",,,,,"13",",N","8",",N",,,,,,,,,,,,,,,,,,,,,"0.63",",,N,30,",,,,,,,,,"2.44",",,,N",,,,,,,,
"US1NYTM0018","EAST ITHACA 4.7 E, NY US","42.4191","-76.3733","353.9","2016-06",,,,,"10",",N","3",",N",,,,,,,,,,,,,,,,,,,,,"0.64",",,N,06,",,,,,,,,,"1.31",",,,N",,,,,,,,
"US1NYTM0018","EAST ITHACA 4.7 E, NY US","42.4191","-76.3733","353.9","2016-07",,,,,"11",",N","6",",N",,,,,,,,,,,,,,,,,,,,,"1.08",",,N,26,",,,,,,,,,"2.61",",,,N",,,,,,,,
"US1NYTM0018","EAST ITHACA 4.7 E, NY US","42.4191","-76.3733","353.9","2016-08",,,,,"15","5,N","7","5,N",,,,,,,,,,,,,,,,,,,,,"1.05","5,,N,10,",,,,,,,,,"4.50","5,,,N",,,,,,,,
"US1NYTM0018","EAST ITHACA 4.7 E, NY US","42.4191","-76.3733","353.9","2016-09",,,,,"8","2,N","7","2,N",,,,,,,,,,,,,,,,,,,,,"0.61","2,,N,09,",,,,,,,,,"1.76","2,,,N",,,,,,,,
"US1NYTM0018","EAST ITHACA 4.7 E, NY US","42.4191","-76.3733","353.9","2016-10",,,,,"18","1,N","11","1,N",,,,,,,,,,,,,,,,,,,,,"2.39","1,,N,21,",,,,,,,,,"6.02","1,,,N",,,,,,,,
"US1NYTM0018","EAST ITHACA 4.7 E, NY US","42.4191","-76.3733","353.9","2016-11",,,,,"16",",N","9",",N",,,,,,,,,,,,,,,,,,,,,"0.60",",,N,21,",,,,,,,,,"2.41",",,,N",,,,,,,,
"US1NYTM0018","EAST ITHACA 4.7 E, NY US","42.4191","-76.3733","353.9","2017-01",,,,,"16","4,N","8","4,N",,,"4","4,N",,,,,,,,,,,,,,,"4.8","4,,N,24,","1.06","4,,N,24,",,,,,,,,,"2.91","4,,,N","10.3","4,,,N",,,,,,
"US1NYTM0018","EAST ITHACA 4.7 E, NY US","42.4191","-76.3733","353.9","2017-03",,,,,,,,,,,,,,,,,,,,,,,,,,,,,,,,,,,,,,,"3.67","2,a,,N",,,,,,,,
"US1NYTM0018","EAST ITHACA 4.7 E, NY US","42.4191","-76.3733","353.9","2017-04",,,,,"14","2,N","9","2,N",,,,,,,,,,,,,,,,,,,,,"1.71","2,,N,21,",,,,,,,,,"5.40","2,,,N",,,,,,,,
"US1NYTM0018","EAST ITHACA 4.7 E, NY US","42.4191","-76.3733","353.9","2017-05",,,,,"20","1,N","14","1,N",,,,,,,,,,,,,,,,,,,,,"1.35","1,,N,02,",,,,,,,,,"5.71","1,,,N",,,,,,,,
"US1NYTM0018","EAST ITHACA 4.7 E, NY US","42.4191","-76.3733","353.9","2017-06",,,,,"13",",N","10",",N",,,,,,,,,,,,,,,,,,,,,"1.05",",,N,19,",,,,,,,,,"4.63",",,,N",,,,,,,,
"US1NYTM0018","EAST ITHACA 4.7 E, NY US","42.4191","-76.3733","353.9","2017-07",,,,,"15",",N","12",",N",,,,,,,,,,,,,,,,,,,,,"1.93",",,N,14,",,,,,,,,,"7.19",",,,N",,,,,,,,
"US1NYTM0018","EAST ITHACA 4.7 E, NY US","42.4191","-76.3733","353.9","2017-08",,,,,"9",",N","6",",N",,,,,,,,,,,,,,,,,,,,,"0.80",",,N,05,",,,,,,,,,"2.77",",,,N",,,,,,,,
"US1NYTM0018","EAST ITHACA 4.7 E, NY US","42.4191","-76.3733","353.9","2017-09",,,,,"13",",N","8",",N",,,,,,,,,,,,,,,,,,,,,"0.62",",,N,06,",,,,,,,,,"2.20",",,,N",,,,,,,,
"US1NYTM0018","EAST ITHACA 4.7 E, NY US","42.4191","-76.3733","353.9","2017-10",,,,,"15","1,N","10","1,N",,,,,,,,,,,,,,,,,,,,,"2.57","1,,N,30,",,,,,,,,,"7.14","1,,,N",,,,,,,,
"US1NYTM0018","EAST ITHACA 4.7 E, NY US","42.4191","-76.3733","353.9","2017-11",,,,,"16","1,N","6","1,N",,,,,,,,,,,,,,,,,,,,,"0.48","1,,N,07,",,,,,,,,,"2.17","1,,,N",,,,,,,,
"US1NYTM0018","EAST ITHACA 4.7 E, NY US","42.4191","-76.3733","353.9","2017-12",,,,,"19","1,N","5","1,N",,,"8","3,N",,,,,,,,,,,,,,,"2.6","3,,N,31,","0.38","1,,N,24,",,,,,,,,,"1.52","1,,,N","15.7","3,,,N",,,,,,
"US1NYTM0018","EAST ITHACA 4.7 E, NY US","42.4191","-76.3733","353.9","2018-01",,,,,"17",",N","4",",N","24",",N","7",",N",,,,,,,,,,,,,"9",",,N,17,","5.7",",,N,13,","0.98",",,N,13,",,,,,,,,,"2.55",",,,N","21.5",",,,N",,,,,,
"US1NYTM0018","EAST ITHACA 4.7 E, NY US","42.4191","-76.3733","353.9","2018-02",,,,,"18",",N","8",",N","17","1,N","8",",N",,,,,,,,,,,,,"10","1,,N,08,","6.2",",,N,08,","0.55",",,N,23,",,,,,,,,,"2.70",",,,N","21.5",",,,N",,,,,,
"US1NYTM0018","EAST ITHACA 4.7 E, NY US","42.4191","-76.3733","353.9","2018-04",,,,,"16","4,N","7","4,N",,,,,,,,,,,,,,,,,,,,,"0.68","4,,N,17,",,,,,,,,,"2.25","4,,,N",,,,,,,,
"US1NYTM0018","EAST ITHACA 4.7 E, NY US","42.4191","-76.3733","353.9","2018-05",,,,,"16",",N","10",",N",,,,,,,,,,,,,,,,,,,,,"1.85",",,N,23,",,,,,,,,,"5.94",",,,N",,,,,,,,
"US1NYTM0018","EAST ITHACA 4.7 E, NY US","42.4191","-76.3733","353.9","2018-06",,,,,"14",",N","6",",N",,,,,,,,,,,,,,,,,,,,,"0.53",",,N,28,+",,,,,,,,,"2.52",",,,N",,,,,,,,
"US1NYTM0018","EAST ITHACA 4.7 E, NY US","42.4191","-76.3733","353.9","2018-07",,,,,"15",",N","12",",N",,,,,,,,,,,,,,,,,,,,,"1.34",",,N,25,",,,,,,,,,"6.06",",,,N",,,,,,,,
"US1NYTM0018","EAST ITHACA 4.7 E, NY US","42.4191","-76.3733","353.9","2018-08",,,,,"19",",N","11",",N",,,,,,,,,,,,,,,,,,,,,"1.52",",,N,09,",,,,,,,,,"5.14",",,,N",,,,,,,,
"US1NYTM0018","EAST ITHACA 4.7 E, NY US","42.4191","-76.3733","353.9","2018-09",,,,,"13","1,N","7","1,N",,,,,,,,,,,,,,,,,,,,,"2.53","1,,N,18,",,,,,,,,,"6.66","1,,,N",,,,,,,,
"US1NYTM0018","EAST ITHACA 4.7 E, NY US","42.4191","-76.3733","353.9","2018-10",,,,,"21",",N","14",",N",,,,,,,,,,,,,,,,,,,,,"0.92",",,N,05,",,,,,,,,,"5.81",",,,N",,,,,,,,
"US1NYTM0018","EAST ITHACA 4.7 E, NY US","42.4191","-76.3733","353.9","2018-11",,,,,"23",",N","14",",N",,,,,,,,,,,,,,,,,,,,,"1.10",",,N,16,",,,,,,,,,"6.34",",,,N",,,,,,,,
"US1NYTM0018","EAST ITHACA 4.7 E, NY US","42.4191","-76.3733","353.9","2018-12",,,,,"19",",N","8",",N","21","3,N","6","1,N",,,,,,,,,,,,,"10","3,,N,01,","2.8","1,,N,22,","1.14",",,N,22,",,,,,,,,,"3.02",",,,N","10.6","1,,,N",,,,,,
"USC00304174","ITHACA CORNELL UNIVERSITY, NY US","42.4491","-76.4491","292.6","2016-01","0","7","0",",7","13",",7","3",",7","14",",7","4",",7","2",",7","29",",7","15",",7","0",",7","0",",7","-8",",7,22,","4",",,7,22,","1.4",",,7,21,","0.57",",,7,10,","53",",7,11,",,,"3379","7","1263",",7","1.66",",,,7","7.6",",,,7","24.2",",7","31.7",",,,7","16.8",",,,7"
"USC00304174","ITHACA CORNELL UNIVERSITY, NY US","42.4491","-76.4491","292.6","2016-02","0","7","0",",7","13",",7","8",",7","11",",7","4",",7","4",",7","25",",7","10",",7","0",",7","0",",7","-12",",7,15,+","5",",,7,19,+","3.0",",,7,10,","1.50",",,7,17,","62",",7,29,",,,"4469","7","1089",",7","3.80",",,,7","9.5",",,,7","27.4",",7","36.3",",,,7","18.6",",,,7"
"USC00304174","ITHACA CORNELL UNIVERSITY, NY US","42.4491","-76.4491","292.6","2016-03","0","7","0",",7","12",",7","5",",7","0",",7","0",",7","0",",7","20",",7","4",",7","2",",7","0",",7","10",",7,05,","0",",T,7,17,+","0.2",",,7,04,","0.62",",,7,11,","75",",7,10,",,,"5292","7","823",",7","1.36",",,,7","0.2",",,,7","38.4",",7","49.5",",,,7","27.3",",,,7"
"USC00304174","ITHACA CORNELL UNIVERSITY, NY US","42.4491","-76.4491","292.6","2016-04","0","7","0",",7","14",",7","11",",7","4",",7","3",",7","1",",7","19",",7","3",",7","2",",7","0",",7","-1",",7,05,","5",",,7,05,","2.8",",,7,03,","0.53",",,7,08,","75",",7,22,",,,"6023","7","730",",7","2.62",",,,7","5.4",",,,7","40.7",",7","52.0",",,,7","29.3",",,,7"
"USC00304174","ITHACA CORNELL UNIVERSITY, NY US","42.4491","-76.4491","292.6","2016-05","43","7","43",",7","14",",7","8",",7","0",",7","0",",7","0",",7","4",",7","0",",7","12",",7","1",",7","29",",7,10,","0",",,7,31,+","0.0",",T,7,16,","0.36",",,7,03,","90",",7,29,",,,"6367","7","344",",7","1.90",",,,7","0.0",",T,,7","55.3",",7","66.9",",,,7","43.7",",,,7"
"USC00304174","ITHACA CORNELL UNIVERSITY, NY US","42.4491","-76.4491","292.6","2016-06","111","7","68",",7","10",",7","3",",7","0",",7","0",",7","0",",7","0",",7","0",",7","25",",7","0",",7","37",",7,10,","0",",,7,30,+","0.0",",,7,30,+","0.57",",,7,06,","88",",7,27,+","6.78","2,,,7","6466","7","99",",7","1.07",",,,7","0.0",",,,7","64.0",",7","77.2",",,,7","50.7",",,,7"
"USC00304174","ITHACA CORNELL UNIVERSITY, NY US","42.4491","-76.4491","292.6","2016-07","302","7","191",",7","12",",7","5",",7","0",",7","0",",7","0",",7","0",",7","0",",7","31",",7","3",",7","47",",7,20,","0",",,7,31,+","0.0",",,7,31,+","0.66",",,7,26,","91",",7,23,+","7.23",",,,7","13","7","13",",7","1.87",",,,7","0.0",",,,7","70.7",",7","83.5",",,,7","58.0",",,,7"
"USC00304174","ITHACA CORNELL UNIVERSITY, NY US","42.4491","-76.4491","292.6","2016-08","520","7","219",",7","11",",7","8",",7","0",",7","0",",7","0",",7","0",",7","0",",7","31",",7","3",",7","47",",7,23,","0",",,7,31,+","0.0",",,7,31,+","1.06",",,7,10,","92",",7,14,","6.38",",,,7","21","7","8",",7","4.22",",,,7","0.0",",,,7","71.8",",7","82.6",",,,7","61.0",",,,7"
"USC00304174","ITHACA CORNELL UNIVERSITY, NY US","42.4491","-76.4491","292.6","2016-09","578","7","58",",7","8",",7","6",",7","0",",7","0",",7","0",",7","0",",7","0",",7","25",",7","0",",7","34",",7,25,","0",",,7,30,+","0.0",",,7,30,+","0.81",",,7,18,","89",",7,09,","4.82",",,,7","142","7","121",",7","2.05",",,,7","0.0",",,,7","62.9",",7","75.9",",,,7","49.9",",,,7"
"USC00304174","ITHACA CORNELL UNIVERSITY, NY US","42.4491","-76.4491","292.6","2016-10","582","7","4",",7","22",",7","12",",7","1",",7","1",",7","0",",7","6",",7","0",",7","6",",7","0",",7","28",",7,29,+","1",",,7,27,","1.0",",,7,27,","3.44",",,7,21,","80",",7,19,","2.22","1,,,7","580","7","438",",7","6.89",",,,7","1.0",",,,7","51.0",",7","60.2",",,,7","41.8",",,,7"
"USC00304174","ITHACA CORNELL UNIVERSITY, NY US","42.4491","-76.4491","292.6","2016-11","582","7","0",",7","14",",7","8",",7","5",",7","2",",7","0",",7","20",",7","3",",7","1",",7","0",",7","24",",7,14,","5",",,7,22,","4.5",",,7,21,","0.34",",,7,04,","72",",7,03,",,,"1305","7","725",",7","1.84",",,,7","7.6",",,,7","40.8",",7","50.4",",,,7","31.3",",,,7"
"USC00304174","ITHACA CORNELL UNIVERSITY, NY US","42.4491","-76.4491","292.6","2016-12","582","7","0",",7","20",",7","8",",7","19",",7","4",",7","0",",7","27",",7","10",",7","0",",7","0",",7","6",",7,19,","7",",,7,17,","3.7",",,7,17,","0.47",",,7,07,","54",",7,01,",,,"2433","7","1127",",7","2.56",",,,7","16.3",",,,7","28.6",",7","35.2",",,,7","22.1",",,,7"
"USC00304174","ITHACA CORNELL UNIVERSITY, NY US","42.4491","-76.4491","292.6","2017-01","0","7","0",",7","16",",7","5",",7","12",",7","3",",7","0",",7","24",",7","12",",7","0",",7","0",",7","1",",7,09,","6",",,7,25,","3.6",",,7,24,","0.91",",,7,24,","58",",7,23,",,,"3554","7","1121",",7","2.65",",,,7","8.9",",,,7","28.8",",7","35.3",",,,7","22.4",",,,7"
"USC00304174","ITHACA CORNELL UNIVERSITY, NY US","42.4491","-76.4491","292.6","2017-02","0","7","0",",7","13",",7","6",",7","16",",7","3",",7","0",",7","24",",7","7",",7","1",",7","0",",7","12",",7,05,+","4",",,7,17,+","4.0",",,7,13,","0.69",",,7,13,","73",",7,25,",,,"4462","7","909",",7","2.22",",,,7","11.0",",,,7","32.6",",7","41.4",",,,7","23.7",",,,7"
"USC00304174","ITHACA CORNELL UNIVERSITY, NY US","42.4491","-76.4491","292.6","2017-03","0","7","0",",7","17",",7","9",",7","17",",7","6",",7","2",",7","25",",7","12",",7","0",",7","0",",7","-5",",7,06,+","13",",,7,16,","9.8",",,7,15,","0.71",",,7,15,","65",",7,02,",,,"5609","7","1147",",7","3.25",",,,7","20.4",",,,7","28.0",",7","37.7",",,,7","18.3",",,,7"
"USC00304174","ITHACA CORNELL UNIVERSITY, NY US","42.4491","-76.4491","292.6","2017-04","2","7","2",",7","13",",7","8",",7","0",",7","0",",7","0",",7","9",",7","0",",7","7",",7","0",",7","26",",7,09,+","0",",T,7,08,+","0.4",",,7,07,","1.66",",,7,21,","80",",7,17,",,,"6079","7","470",",7","4.59",",,,7","0.4",",,,7","49.4",",7","60.0",",,,7","38.8",",,,7"
"USC00304174","ITHACA CORNELL UNIVERSITY, NY US","42.4491","-76.4491","292.6","2017-05","20","7","19",",7","19",",7","12",",7","0",",7","0",",7","0",",7","2",",7","0",",7","8",",7","0",",7","29",",7,04,","0",",,7,31,+","0.0",",,7,31,+","1.02",",,7,02,","89",",7,19,",,,"6431","7","352",",7","4.47",",,,7","0.0",",,,7","54.2",",7","63.8",",,,7","44.7",",,,7"
"USC00304174","ITHACA CORNELL UNIVERSITY, NY US","42.4491","-76.4491","292.6","2017-06","97","7","77",",7","13",",7","10",",7","0",",7","0",",7","0",",7","0",",7","0",",7","25",",7","1",",7","39",",7,04,","0",",,7,30,+","0.0",",,7,30,+","0.85",",,7,20,","90",",7,13,","6.43",",,,7","6529","7","98",",7","3.69",",,,7","0.0",",,,7","64.3",",7","75.7",",,,7","52.9",",,,7"
"USC00304174","ITHACA CORNELL UNIVERSITY, NY US","42.4491","-76.4491","292.6","2017-07","228","7","131",",7","14",",7","10",",7","0",",7","0",",7","0",",7","0",",7","0",",7","30",",7","0",",7","46",",7,30,","0",",,7,31,+","0.0",",,7,31,+","2.08",",,7,14,","85",",7,22,+","6.09",",,,7","18","7","18",",7","6.65",",,,7","0.0",",,,7","68.6",",7","78.8",",,,7","58.5",",,,7"
"USC00304174","ITHACA CORNELL UNIVERSITY, NY US","42.4491","-76.4491","292.6","2017-08","309","7","81",",7","8",",7","5",",7","0",",7","0",",7","0",",7","0",",7","0",",7","29",",7","0",",7","41",",7,27,","0",",,7,31,+","0.0",",,7,31,+","0.82",",,7,13,","86",",7,23,","6.08",",,,7","86","7","68",",7","2.37",",,,7","0.0",",,,7","65.4",",7","77.4",",,,7","53.5",",,,7"
"USC00304174","ITHACA CORNELL UNIVERSITY, NY US","42.4491","-76.4491","292.6","2017-09","358","7","49",",7","11",",7","5",",7","0",",7","0",",7","0",",7","0",",7","0",",7","18",",7","0",",7","35",",7,11,+","0",",,7,30,+","0.0",",,7,30,+","1.11",",,7,06,","89",",7,28,+","4.03",",,,7","250","7","164",",7","2.22",",,,7","0.0",",,,7","61.2",",7","73.3",",,,7","49.0",",,,7"
"USC00304174","ITHACA CORNELL UNIVERSITY, NY US","42.4491","-76.4491","292.6","2017-10","371","7","13",",7","15",",7","11",",7","0",",7","0",",7","0",",7","5",",7","0",",7","15",",7","0",",7","28",",7,17,","0",",,7,31,+","0.0",",,7,31,+","3.19",",,7,30,","82",",7,05,","2.74","5,,,7","582","7","332",",7","7.06",",,,7","0.0",",,,7","54.7",",7","66.1",",,,7","43.3",",,,7"
"USC00304174","ITHACA CORNELL UNIVERSITY, NY US","42.4491","-76.4491","292.6","2017-11","371","7","0",",7","15",",7","4",",7","0",",7","0",",7","0",",7","23",",7","1",",7","0",",7","0",",7","16",",7,11,","0",",T,7,26,+","0.1",",,7,20,+","0.59",",,7,07,","64",",7,03,",,,"1413","7","831",",7","2.06",",,,7","0.2",",,,7","37.3",",7","45.5",",,,7","29.1",",,,7"
"USC00304174","ITHACA CORNELL UNIVERSITY, NY US","42.4491","-76.4491","292.6","2017-12","371","7","0",",7","16",",7","3",",7","12",",7","4",",7","2",",7","30",",7","16",",7","0",",7","0",",7","-3",",7,30,","3",",,7,31,+","1.5",",,7,31,","0.48",",,7,24,","51",",7,06,",,,"2643","7","1230",",7","1.32",",,,7","9.4",",,,7","25.3",",7","32.1",",,,7","18.5",",,,7"
"USC00304174","ITHACA CORNELL UNIVERSITY, NY US","42.4491","-76.4491","292.6","2018-01","0","7","0",",7","15",",7","4",",7","24",",7","4",",7","11",",7","29",",7","17",",7","0",",7","0",",7","-9",",7,16,+","8",",,7,18,+","6.0",",,7,13,","0.94",",,7,13,","62",",7,13,",,,"4051","7","1407",",7","2.38",",,,7","13.8",",,,7","19.6",",7","29.3",",,,7","9.9",",,,7"
"USC00304174","ITHACA CORNELL UNIVERSITY, NY US","42.4491","-76.4491","292.6","2018-02","0","7","0",",7","16",",7","6",",7","15",",7","6",",7","0",",7","21",",7","10",",7","0",",7","0",",7","1",",7,03,","6",",,7,09,+","4.0",",,7,08,","0.50",",,7,23,","69",",7,22,",,,"5027","7","976",",7","2.04",",,,7","12.8",",,,7","30.1",",7","39.1",",,,7","21.2",",,,7"
"USC00304174","ITHACA CORNELL UNIVERSITY, NY US","42.4491","-76.4491","292.6","2018-03","0","7","0",",7","14",",7","7",",7","18",",7","7",",7","0",",7","27",",7","11",",7","0",",7","0",",7","3",",7,20,","10",",,7,15,","5.6",",,7,15,","0.88",",,7,30,","56",",7,01,",,,"6154","7","1127",",7","3.24",",,,7","20.9",",,,7","28.7",",7","36.3",",,,7","21.0",",,,7"
"USC00304174","ITHACA CORNELL UNIVERSITY, NY US","42.4491","-76.4491","292.6","2018-04","0","7","0",",7","18",",7","6",",7","3",",7","1",",7","0",",7","22",",7","1",",7","0",",7","0",",7","17",",7,08,","1",",,7,19,+","1.4",",,7,18,","0.71",",,7,17,","69",",7,24,",,,"6955","7","802",",7","2.11",",,,7","3.7",",,,7","38.3",",7","47.9",",,,7","28.7",",,,7"
"USC00304174","ITHACA CORNELL UNIVERSITY, NY US","42.4491","-76.4491","292.6","2018-05","41","7","41",",7","16",",7","8",",7","0",",7","0",",7","0",",7","1",",7","0",",7","20",",7","0",",7","29",",7,01,","0",",,7,31,+","0.0",",,7,31,+","1.59",",,7,23,","85",",7,31,+",,,"7144","7","189",",7","3.87",",,,7","0.0",",,,7","60.2",",7","72.8",",,,7","47.7",",,,7"
"USC00304174","ITHACA CORNELL UNIVERSITY, NY US","42.4491","-76.4491","292.6","2018-06","92","7","50",",7","13",",7","7",",7","0",",7","0",",7","0",",7","0",",7","0",",7","24",",7","1",",7","40",",7,26,","0",",,7,30,+","0.0",",,7,30,+","0.74",",,7,25,","92",",7,19,","6.40",",,,7","7248","7","104",",7","2.09",",,,7","0.0",",,,7","63.2",",7","74.7",",,,7","51.7",",,,7"
"USC00304174","ITHACA CORNELL UNIVERSITY, NY US","42.4491","-76.4491","292.6","2018-07","283","7","191",",7","12",",7","8",",7","0",",7","0",",7","0",",7","0",",7","0",",7","31",",7","5",",7","44",",7,19,","0",",,7,31,+","0.0",",,7,31,+","0.95",",,7,17,","94",",7,03,","7.96",",,,7","20","7","20",",7","3.95",",,,7","0.0",",,,7","70.5",",7","82.4",",,,7","58.6",",,,7"
"USC00304174","ITHACA CORNELL UNIVERSITY, NY US","42.4491","-76.4491","292.6","2018-08","460","7","177",",7","17",",7","11",",7","0",",7","0",",7","0",",7","0",",7","0",",7","30",",7","2",",7","49",",7,23,","0",",,7,31,+","0.0",",,7,31,+","1.78",",,7,09,","90",",7,30,+","5.22","3,,,7","29","7","8",",7","4.98",",,,7","0.0",",,,7","70.5",",7","79.6",",,,7","61.3",",,,7"
"USC00304174","ITHACA CORNELL UNIVERSITY, NY US","42.4491","-76.4491","292.6","2018-09","561","7","101",",7","10",",7","7",",7","0",",7","0",",7","0",",7","0",",7","0",",7","20",",7","1",",7","39",",7,30,","0",",,7,30,+","0.0",",,7,30,+","1.61",",,7,11,","91",",7,06,","3.46","5,,,7","157","7","128",",7","5.36",",,,7","0.0",",,,7","64.1",",7","73.5",",,,7","54.7",",,,7"
"USC00304174","ITHACA CORNELL UNIVERSITY, NY US","42.4491","-76.4491","292.6","2018-10","573","7","12",",7","22",",7","15",",7","0",",7","0",",7","0",",7","7",",7","0",",7","5",",7","0",",7","29",",7,31,+","0",",T,7,18,","0.0",",T,7,25,+","0.92",",,7,28,","80",",7,10,",,,"683","7","526",",7","5.35",",,,7","0.0",",T,,7","48.4",",7","56.0",",,,7","40.8",",,,7"
"USC00304174","ITHACA CORNELL UNIVERSITY, NY US","42.4491","-76.4491","292.6","2018-11","573","7","0",",7","22",",7","13",",7","15",",7","4",",7","2",",7","24",",7","4",",7","0",",7","0",",7","-5",",7,23,","9",",,7,16,","8.6",",,7,16,","0.98",",,7,16,","62",",7,03,+",,,"1609","7","926",",7","4.14",",,,7","18.8",",,,7","34.1",",7","40.7",",,,7","27.6",",,,7"
"USC00304174","ITHACA CORNELL UNIVERSITY, NY US","42.4491","-76.4491","292.6","2018-12","573","7","0",",7","16",",7","6",",7","18",",7","2",",7","0",",7","28",",7","10",",7","0",",7","0",",7","8",",7,10,","2",",,7,26,+","2.0",",,7,22,","0.95",",,7,22,","61",",7,22,",,,"2679","7","1070",",7","2.19",",,,7","6.4",",,,7","30.5",",7","36.6",",,,7","24.3",",,,7"
"USC00303050","FREEVILLE 1 NE, NY US","42.5192","-76.331","320.0","2016-01","0","7","0",",7","14",",7","3",",7","15",",7","4",",7","3",",7","30",",7","18",",7","0",",7","0",",7","-10",",7,22,","3",",,7,24,+","2.0",",,7,14,","0.47",",,7,11,","51",",7,11,",,,"3534","7","1307",",7","1.71",",,,7","7.0",",,,7","22.8",",7","30.5",",,,7","15.2",",,,7"
"USC00303050","FREEVILLE 1 NE, NY US","42.5192","-76.331","320.0","2016-02","0","7","0",",7","13",",7","7",",7","11",",7","2",",7","5",",7","25",",7","10",",7","0",",7","0",",7","-21",",7,14,","2",",,7,27,+","2.0",",,7,26,","1.45",",,7,17,","61",",7,29,",,,"4668","7","1134",",7","3.50",",,,7","5.9",",,,7","25.9",",7","35.4",",,,7","16.4",",,,7"
"USC00303050","FREEVILLE 1 NE, NY US","42.5192","-76.331","320.0","2016-03","0","7","0",",7","11",",7","6",",7","0",",7","0",",7","0",",7","24",",7","4",",7","1",",7","0",",7","8",",7,05,","0",",T,7,06,+","0.3",",,7,04,","0.72",",,7,11,","72",",7,10,",,,"5537","7","869",",7","1.59",",,,7","0.3",",,,7","37.0",",7","48.1",",,,7","25.8",",,,7"
"USC00303050","FREEVILLE 1 NE, NY US","42.5192","-76.331","320.0","2016-04","0","7","0",",7","12",",7","9",",7","4",",7","3",",7","1",",7","21",",7","3",",7","3",",7","0",",7","-4",",7,05,","4",",,7,04,","3.0",",,7,03,","0.58",",,7,03,","74",",7,22,",,,"6294","7","757",",7","2.82",",,,7","5.7",",,,7","39.8",",7","51.4",",,,7","28.1",",,,7"
"USC00303050","FREEVILLE 1 NE, NY US","42.5192","-76.331","320.0","2016-05","36","7","36",",7","12",",7","7",",7","0",",7","0",",7","0",",7","5",",7","0",",7","11",",7","0",",7","29",",7,10,","0",",,7,31,+","0.0",",,7,31,+","0.39",",,7,03,","89",",7,29,",,,"6660","7","366",",7","2.03",",,,7","0.0",",,,7","54.4",",7","66.0",",,,7","42.7",",,,7"
"USC00303050","FREEVILLE 1 NE, NY US","42.5192","-76.331","320.0","2016-06","97","7","61",",7","6",",7","4",",7","0",",7","0",",7","0",",7","0",",7","0",",7","25",",7","0",",7","36",",7,10,","0",",,7,30,+","0.0",",,7,30,+","0.58",",,7,06,","86",",7,27,+",,,"6769","7","109",",7","1.15",",,,7","0.0",",,,7","63.4",",7","76.1",",,,7","50.7",",,,7"
"USC00303050","FREEVILLE 1 NE, NY US","42.5192","-76.331","320.0","2016-07","269","7","172",",7","10",",7","6",",7","0",",7","0",",7","0",",7","0",",7","0",",7","31",",7","2",",7","46",",7,03,","0",",,7,31,+","0.0",",,7,31,+","0.43",",,7,26,","90",",7,23,+",,,"11","7","11",",7","1.55",",,,7","0.0",",,,7","70.2",",7","82.7",",,,7","57.7",",,,7"
"USC00303050","FREEVILLE 1 NE, NY US","42.5192","-76.331","320.0","2016-08","461","7","192",",7","10",",7","9",",7","0",",7","0",",7","0",",7","0",",7","0",",7","30",",7","1",",7","46",",7,23,","0",",,7,31,+","0.0",",,7,31,+","1.83",",,7,10,","91",",7,14,",,,"22","7","11",",7","4.69",",,,7","0.0",",,,7","70.8",",7","81.2",",,,7","60.4",",,,7"
"USC00303050","FREEVILLE 1 NE, NY US","42.5192","-76.331","320.0","2016-09","506","7","45",",7","10",",7","6",",7","0",",7","0",",7","0",",7","0",",7","0",",7","24",",7","0",",7","33",",7,25,","0",",,7,30,+","0.0",",,7,30,+","1.40",",,7,18,","87",",7,09,+",,,"160","7","137",",7","3.02",",,,7","0.0",",,,7","61.9",",7","74.7",",,,7","49.1",",,,7"
"USC00303050","FREEVILLE 1 NE, NY US","42.5192","-76.331","320.0","2016-10","508","7","2",",7","18",",7","11",",7","0",",7","0",",7","0",",7","8",",7","0",",7","4",",7","0",",7","27",",7,29,","0",",T,7,27,","0.0",",T,7,27,","3.32",",,7,21,","79",",7,19,",,,"627","7","467",",7","6.50",",,,7","0.0",",T,,7","50.0",",7","59.2",",,,7","40.9",",,,7"
"USC00303050","FREEVILLE 1 NE, NY US","42.5192","-76.331","320.0","2016-11","508","7","0",",7","12",",7","5",",7","4",",7","2",",7","0",",7","21",",7","3",",7","2",",7","0",",7","19",",7,14,","6",",,7,22,","3.1",",,7,22,","0.54",",,7,21,","70",",7,19,+",,,"1391","7","764",",7","1.79",",,,7","6.3",",,,7","39.5",",7","49.4",",,,7","29.7",",,,7"
"USC00303050","FREEVILLE 1 NE, NY US","42.5192","-76.331","320.0","2016-12","508","7","0",",7",,,,,,,,,"1",",7","28",",7","12",",7","0",",7","0",",7","0",",7,20,",,,,,,,"53",",7,01,",,,"2575","7","1185",",7","2.64","1,a,,",,,"26.8",",7","34.2",",,,7","19.4",",,,7"
"USC00303050","FREEVILLE 1 NE, NY US","42.5192","-76.331","320.0","2017-01","0","7","0",",7",,,,,,,,,"3",",7","27",",7","11",",7","0",",7","0",",7","0",",7,31,+",,,,,,,"55",",7,23,",,,"3749","7","1174",",7","3.19","3,a,,7",,,"27.1",",7","34.0",",,,7","20.3",",,,7"
"USC00303050","FREEVILLE 1 NE, NY US","42.5192","-76.331","320.0","2017-02","0","7","0",",7","10","3,7","6","3,7","16","2,7","6","2,7","0",",7","25",",7","10",",7","1",",7","0",",7","9",",7,05,","5","2,,7,14,+","3.0","2,,7,13,+","0.48","3,,7,26,","71",",7,25,",,,"4712","7","963",",7","1.75",",a,,7","11.5","2,,,7","30.6",",7","39.4",",,,7","21.8",",,,7"
"USC00303050","FREEVILLE 1 NE, NY US","42.5192","-76.331","320.0","2017-03","0","7","0",",7","13",",7","9",",7","12",",7","4",",7","4",",7","26",",7","13",",7","0",",7","0",",7","-8",",7,05,","17",",,7,16,","10.0",",,7,15,","1.17",",,7,25,","63",",7,02,",,,"5902","7","1190",",7","3.39",",,,7","18.0",",,,7","26.6",",7","36.5",",,,7","16.7",",,,7"
"USC00303050","FREEVILLE 1 NE, NY US","42.5192","-76.331","320.0","2017-04","0","7","0",",7","13",",7","11",",7","1",",7","1",",7","0",",7","9",",7","1",",7","7",",7","0",",7","24",",7,02,","1",",,7,07,","1.0",",,7,07,","1.40",",,7,21,+","77",",7,17,+",,,"6391","7","489",",7","5.03",",,,7","1.0",",,,7","48.7",",7","58.9",",,,7","38.5",",,,7"
"USC00303050","FREEVILLE 1 NE, NY US","42.5192","-76.331","320.0","2017-05","12","7","12",",7","18",",7","14",",7","0",",7","0",",7","0",",7","3",",7","0",",7","8",",7","0",",7","30",",7,04,","0",",,7,31,+","0.0",",,7,31,+","1.13",",,7,02,","88",",7,19,",,,"6760","7","369",",7","5.04",",,,7","0.0",",,,7","53.5",",7","62.7",",,,7","44.3",",,,7"
"USC00303050","FREEVILLE 1 NE, NY US","42.5192","-76.331","320.0","2017-06","76","7","64",",7","13",",7","11",",7","0",",7","0",",7","0",",7","0",",7","0",",7","23",",7","0",",7","38",",7,02,","0",",,7,30,+","0.0",",,7,30,+","0.82",",,7,19,","88",",7,13,",,,"6876","7","116",",7","4.62",",,,7","0.0",",,,7","63.3",",7","74.2",",,,7","52.3",",,,7"
"USC00303050","FREEVILLE 1 NE, NY US","42.5192","-76.331","320.0","2017-07","188","7","112",",7","14",",7","12",",7","0",",7","0",",7","0",",7","0",",7","0",",7","30",",7","0",",7","45",",7,30,","0",",,7,31,+","0.0",",,7,31,+","1.40",",,7,14,","84",",7,20,",,,"21","7","21",",7","5.89",",,,7","0.0",",,,7","67.9",",7","77.5",",,,7","58.4",",,,7"
"USC00303050","FREEVILLE 1 NE, NY US","42.5192","-76.331","320.0","2017-08","259","7","70",",7","6",",7","5",",7","0",",7","0",",7","0",",7","0",",7","0",",7","25",",7","0",",7","40",",7,26,","0",",,7,31,+","0.0",",,7,31,+","0.80",",,7,23,","84",",7,23,+",,,"106","7","85",",7","2.04",",,,7","0.0",",,,7","64.5",",7","76.1",",,,7","53.0",",,,7"
"USC00303050","FREEVILLE 1 NE, NY US","42.5192","-76.331","320.0","2017-09","302","7","43",",7","10",",7","8",",7","0",",7","0",",7","0",",7","0",",7","0",",7","18",",7","0",",7","36",",7,02,+","0",",,7,30,+","0.0",",,7,30,+","0.98",",,7,06,","87",",7,28,+",,,"283","7","177",",7","2.56",",,,7","0.0",",,,7","60.5",",7","72.5",",,,7","48.6",",,,7"
"USC00303050","FREEVILLE 1 NE, NY US","42.5192","-76.331","320.0","2017-10","310","7","8",",7","12",",7","9",",7","0",",7","0",",7","0",",7","4",",7","0",",7","11",",7","0",",7","27",",7,17,","0",",,7,31,+","0.0",",,7,31,+","3.24",",,7,30,","80",",7,05,",,,"646","7","363",",7","7.05",",,,7","0.0",",,,7","53.5",",7","64.7",",,,7","42.5",",,,7"
"USC00303050","FREEVILLE 1 NE, NY US","42.5192","-76.331","320.0","2017-11","310","7","0","1,7","13","1,7","4","1,7","0","1,7","0","1,7","0","1,7","23","1,7","2","1,7","0","1,7","0","1,7","15","1,7,11,","0","1,T,7,20,+","0.0","1,T,7,20,+","0.73","1,,7,02,","63","1,7,03,",,,"1484","7","838","1,7","2.25","1,,,7","0.0","1,T,,7","36.1","1,7","43.8","1,,,7","28.4","1,,,7"
"USC00303050","FREEVILLE 1 NE, NY US","42.5192","-76.331","320.0","2017-12","310","7","0",",7","16",",7","2",",7","15",",7","7",",7","5",",7","30",",7","16",",7","0",",7","0",",7","-6",",7,31,","4",",,7,31,","1.0",",,7,31,+","0.39",",,7,24,","50",",7,06,",,,"2757","7","1273",",7","1.35",",,,7","9.4",",,,7","23.9",",7","30.9",",,,7","17.0",",,,7"
"USC00303050","FREEVILLE 1 NE, NY US","42.5192","-76.331","320.0","2018-01","0","7","0",",7","12",",7","6",",7","23",",7","7",",7","12",",7","29",",7","18",",7","0",",7","0",",7","-11",",7,18,","6",",,7,19,+","3.0",",,7,13,","0.67",",,7,12,","61",",7,13,",,,"4199","7","1442",",7","2.03",",,,7","10.4",",,,7","18.5",",7","28.1",",,,7","8.8",",,,7"
"USC00303050","FREEVILLE 1 NE, NY US","42.5192","-76.331","320.0","2018-02","0","7","0",",7","13",",7","7",",7","16",",7","6",",7","1",",7","24",",7","10",",7","0",",7","0",",7","-4",",7,09,","8",",,7,09,+","5.0",",,7,23,","0.45",",,7,23,","68",",7,22,",,,"5209","7","1010",",7","2.12",",,,7","16.5",",,,7","28.9",",7","38.6",",,,7","19.2",",,,7"
"USC00303050","FREEVILLE 1 NE, NY US","42.5192","-76.331","320.0","2018-03","0","7","0",",7","11",",7","8",",7","21",",7","8",",7","0",",7","29",",7","12",",7","0",",7","0",",7","2",",7,20,","8",",,7,16,+","4.0",",,7,15,+","0.90",",,7,30,","56",",7,01,",,,"6362","7","1153",",7","3.06",",,,7","18.0",",,,7","27.8",",7","35.2",",,,7","20.4",",,,7"
"USC00303050","FREEVILLE 1 NE, NY US","42.5192","-76.331","320.0","2018-04","0","7","0",",7","13",",7","5",",7","0",",7","0",",7","0",",7","22",",7","3",",7","0",",7","0",",7","17",",7,09,+","0",",T,7,20,+","0.0",",T,7,20,+","0.60",",,7,17,","67",",7,25,+",,,"7183","7","821",",7","1.68",",,,7","0.0",",T,,7","37.6",",7","46.8",",,,7","28.4",",,,7"
"USC00303050","FREEVILLE 1 NE, NY US","42.5192","-76.331","320.0","2018-05","34","7","34",",7","15",",7","10",",7","0",",7","0",",7","0",",7","1",",7","0",",7","20",",7","0",",7","26",",7,01,","0",",,7,31,+","0.0",",,7,31,+","1.70",",,7,29,","85",",7,03,",,,"7377","7","194",",7","4.47",",,,7","0.0",",,,7","59.8",",7","72.0",",,,7","47.6",",,,7"
"USC00303050","FREEVILLE 1 NE, NY US","42.5192","-76.331","320.0","2018-06","76","7","42",",7","13",",7","5",",7","0",",7","0",",7","0",",7","0",",7","0",",7","23",",7","0",",7","43",",7,26,+","0",",,7,30,+","0.0",",,7,30,+","0.50",",,7,14,","89",",7,19,",,,"7479","7","102",",7","1.93",",,,7","0.0",",,,7","63.0",",7","73.7",",,,7","52.3",",,,7"
"USC00303050","FREEVILLE 1 NE, NY US","42.5192","-76.331","320.0","2018-07","261","7","185",",7","8",",7","7",",7","0",",7","0",",7","0",",7","0",",7","0",",7","31",",7","4",",7","45",",7,19,","0",",,7,31,+","0.0",",,7,31,+","2.10",",,7,17,","92",",7,03,+",,,"13","7","13",",7","6.92",",,,7","0.0",",,,7","70.5",",7","81.8",",,,7","59.3",",,,7"
"USC00303050","FREEVILLE 1 NE, NY US","42.5192","-76.331","320.0","2018-08","433","7","172",",7","14",",7","11",",7","0",",7","0",",7","0",",7","0",",7","0",",7","30",",7","0",",7","49",",7,24,+","0",",,7,31,+","0.0",",,7,31,+","1.03",",,7,09,","89",",7,29,+",,,"24","7","10",",7","4.45",",,,7","0.0",",,,7","70.2",",7","78.7",",,,7","61.8",",,,7"
"USC00303050","FREEVILLE 1 NE, NY US","42.5192","-76.331","320.0","2018-09","533","7","100",",7","9",",7","7",",7","0",",7","0",",7","0",",7","0",",7","0",",7","20",",7","1",",7","42",",7,30,+","0",",,7,30,+","0.0",",,7,30,+","1.68",",,7,11,","90",",7,06,",,,"149","7","125",",7","5.15",",,,7","0.0",",,,7","64.1",",7","73.1",",,,7","55.2",",,,7"
"USC00303050","FREEVILLE 1 NE, NY US","42.5192","-76.331","320.0","2018-10","546","7","13",",7","19",",7","13",",7","0",",7","0",",7","0",",7","8",",7","0",",7","7",",7","0",",7","27",",7,19,","0",",,7,31,+","0.0",",,7,31,+","1.01",",,7,03,","79",",7,10,",,,"681","7","532",",7","5.64",",,,7","0.0",",,,7","48.2",",7","55.7",",,,7","40.7",",,,7"
"USC00303050","FREEVILLE 1 NE, NY US","42.5192","-76.331","320.0","2018-11","546","7","0",",7","21",",7","14",",7","16",",7","5",",7","2",",7","22",",7","7",",7","0",",7","0",",7","-5",",7,23,","9",",,7,16,","9.0",",,7,16,","0.90",",,7,16,","62",",7,03,+",,,"1631","7","950",",7","4.55",",,,7","16.5",",,,7","33.3",",7","39.7",",,,7","27.0",",,,7"
"USC00303050","FREEVILLE 1 NE, NY US","42.5192","-76.331","320.0","2018-12","546","7","0",",7","14",",7","6",",7","17",",7","6",",7","0",",7","28",",7","10",",7","0",",7","0",",7","3",",7,10,+","3",",,7,01,","1.0",",,7,30,+","0.61",",,7,22,","62",",7,22,",,,"2737","7","1106",",7","2.00",",,,7","5.9",",,,7","29.3",",7","36.2",",,,7","22.4",",,,7"
"US1NYTM0042","ITHACA 6.4 E, NY US","42.4335","-76.3786","367.0","2018-08",,,,,,,,,,,,,,,,,,,,,,,,,,,,,,,,,,,,,,,"5.45","3,a,,",,,,,,,,
"US1NYTM0042","ITHACA 6.4 E, NY US","42.4335","-76.3786","367.0","2018-11",,,,,"19","5,N","13","5,N",,,,,,,,,,,,,,,,,,,,,"1.11","5,,N,16,",,,,,,,,,"6.22","2,a,,N",,,,,,,,
"US1NYTM0042","ITHACA 6.4 E, NY US","42.4335","-76.3786","367.0","2018-12",,,,,,,,,,,,,,,,,,,,,,,,,,,,,,,,,,,,,,,"3.00","1,a,,",,,,,,,,
"US1NYTM0002","LANSING 6.6 NW, NY US","42.5666","-76.57","259.1","2016-01",,,,,"12","3,N","5","3,N",,,,,,,,,,,,,,,,,,,,,"0.47","3,,N,10,",,,,,,,,,"1.43","3,,,N",,,,,,,,
"US1NYTM0002","LANSING 6.6 NW, NY US","42.5666","-76.57","259.1","2016-02",,,,,"12","1,N","5","1,N",,,,,,,,,,,,,,,,,,,,,"0.95","1,,N,25,",,,,,,,,,"2.07","1,,,N",,,,,,,,
"US1NYTM0002","LANSING 6.6 NW, NY US","42.5666","-76.57","259.1","2016-03",,,,,"13","3,N","4","3,N",,,,,,,,,,,,,,,,,,,,,"0.51","3,,N,11,",,,,,,,,,"1.48","3,,,N",,,,,,,,
"US1NYTM0002","LANSING 6.6 NW, NY US","42.5666","-76.57","259.1","2016-05",,,,,,,,,,,,,,,,,,,,,,,,,,,,,,,,,,,,,,,"2.24","5,a,,N",,,,,,,,
"US1NYTM0002","LANSING 6.6 NW, NY US","42.5666","-76.57","259.1","2016-06",,,,,"8","2,N","2","2,N",,,,,,,,,,,,,,,,,,,,,"0.21","2,,N,28,+",,,,,,,,,"0.57","2,,,N",,,,,,,,
"US1NYTM0002","LANSING 6.6 NW, NY US","42.5666","-76.57","259.1","2016-12",,,,,"15","3,N","7","3,N",,,,,,,,,,,,,,,,,,,,,"0.65","3,,N,07,",,,,,,,,,"2.90","3,,,N",,,,,,,,
"US1NYTM0002","LANSING 6.6 NW, NY US","42.5666","-76.57","259.1","2017-02",,,,,"10","4,N","6","4,N",,,,,,,,,,,,,,,,,,,,,"0.31","4,,N,08,",,,,,,,,,"1.17","4,,,N",,,,,,,,
"US1NYTM0002","LANSING 6.6 NW, NY US","42.5666","-76.57","259.1","2017-03",,,,,"13","5,N","8","5,N",,,,,,,,,,,,,,,,,,,,,"0.79","5,,N,25,",,,,,,,,,"2.86","5,,,N",,,,,,,,
"US1NYTM0002","LANSING 6.6 NW, NY US","42.5666","-76.57","259.1","2017-08",,,,,"12","1,N","8","1,N",,,,,,,,,,,,,,,,,,,,,"0.41","1,,N,23,",,,,,,,,,"2.05","1,,,N",,,,,,,,
"US1NYTM0002","LANSING 6.6 NW, NY US","42.5666","-76.57","259.1","2017-09",,,,,,,,,,,,,,,,,,,,,,,,,,,,,,,,,,,,,,,"2.43","2,a,,",,,,,,,,
"US1NYTM0002","LANSING 6.6 NW, NY US","42.5666","-76.57","259.1","2017-10",,,,,"15","3,N","7","3,N",,,,,,,,,,,,,,,,,,,,,"1.23","3,,N,29,",,,,,,,,,"3.58","3,,,N",,,,,,,,
"US1NYTM0023","FREEVILLE 3.7 W, NY US","42.502107","-76.417953","352.0","2016-01",,,,,"18",",N","3",",N",,,"5",",N",,,,,,,,,,,,,,,"1.5",",,N,21,","0.50",",,N,11,",,,,,,,,,"1.93",",,,N","8.8",",,,N",,,,,,
"US1NYTM0023","FREEVILLE 3.7 W, NY US","42.502107","-76.417953","352.0","2016-02",,,,,"16",",N","6",",N",,,"5",",N",,,,,,,,,,,,,,,"1.8",",,N,18,","1.48",",,N,17,",,,,,,,,,"4.00",",,,N","9.4",",,,N",,,,,,
"US1NYTM0023","FREEVILLE 3.7 W, NY US","42.502107","-76.417953","352.0","2016-03",,,,,"18",",N","5",",N",,,"0",",N",,,,,,,,,,,,,,,"0.3",",,N,06,","0.79",",,N,11,",,,,,,,,,"1.88",",,,N","0.6",",,,N",,,,,,
"US1NYTM0023","FREEVILLE 3.7 W, NY US","42.502107","-76.417953","352.0","2016-04",,,,,"15",",N","8",",N",,,"3",",N",,,,,,,,,,,,,,,"3.1",",,N,03,","0.48",",,N,12,",,,,,,,,,"2.77",",,,N","6.8",",,,N",,,,,,
"US1NYTM0023","FREEVILLE 3.7 W, NY US","42.502107","-76.417953","352.0","2016-05",,,,,"15",",N","8",",N",,,"0",",N",,,,,,,,,,,,,,,"0.0",",T,N,16,","0.47",",,N,03,",,,,,,,,,"2.08",",,,N","0.0",",T,,N",,,,,,
"US1NYTM0023","FREEVILLE 3.7 W, NY US","42.502107","-76.417953","352.0","2016-06",,,,,"9",",N","3",",N",,,"0",",N",,,,,,,,,,,,,,,"0.0",",,N,30,+","0.61",",,N,06,",,,,,,,,,"1.30",",,,N","0.0",",,,N",,,,,,
"US1NYTM0023","FREEVILLE 3.7 W, NY US","42.502107","-76.417953","352.0","2016-07",,,,,"11",",N","6",",N",,,"0",",N",,,,,,,,,,,,,,,"0.0",",,N,31,+","0.48",",,N,26,",,,,,,,,,"1.70",",,,N","0.0",",,,N",,,,,,
"US1NYTM0023","FREEVILLE 3.7 W, NY US","42.502107","-76.417953","352.0","2016-08",,,,,"13",",N","8",",N",,,"0",",N",,,,,,,,,,,,,,,"0.0",",,N,31,+","2.11",",,N,10,",,,,,,,,,"5.17",",,,N","0.0",",,,N",,,,,,
"US1NYTM0023","FREEVILLE 3.7 W, NY US","42.502107","-76.417953","352.0","2016-09",,,,,"8",",N","5",",N",,,"0",",N",,,,,,,,,,,,,,,"0.0",",,N,30,+","1.35",",,N,18,",,,,,,,,,"2.79",",,,N","0.0",",,,N",,,,,,
"US1NYTM0023","FREEVILLE 3.7 W, NY US","42.502107","-76.417953","352.0","2016-10",,,,,"21",",N","12",",N",,,"1",",N",,,,,,,,,,,,,,,"1.0",",,N,27,","2.76",",,N,21,",,,,,,,,,"7.23",",,,N","1.0",",,,N",,,,,,
"US1NYTM0023","FREEVILLE 3.7 W, NY US","42.502107","-76.417953","352.0","2016-11",,,,,"13",",N","9",",N",,,"2","1,N",,,,,,,,,,,,,,,"5.5","1,,N,22,","0.76",",,N,21,",,,,,,,,,"2.79",",,,N","10.1","1,,,N",,,,,,
"US1NYTM0023","FREEVILLE 3.7 W, NY US","42.502107","-76.417953","352.0","2016-12",,,,,"20",",N","12",",N",,,"9",",N",,,,,,,,,,,,,,,"4.2",",,N,12,","0.63",",,N,07,",,,,,,,,,"3.69",",,,N","24.4",",,,N",,,,,,
"US1NYTM0023","FREEVILLE 3.7 W, NY US","42.502107","-76.417953","352.0","2017-02",,,,,"13",",N","7",",N",,,"5",",N",,,,,,,,,,,,,,,"3.5",",,N,16,","0.67",",,N,13,",,,,,,,,,"2.57",",,,N","13.5",",,,N",,,,,,
"US1NYTM0023","FREEVILLE 3.7 W, NY US","42.502107","-76.417953","352.0","2017-03",,,,,"17",",N","11",",N",,,"6",",N",,,,,,,,,,,,,,,"16.0",",,N,15,","1.18",",,N,25,",,,,,,,,,"4.72",",,,N","27.1",",,,N",,,,,,
"US1NYTM0023","FREEVILLE 3.7 W, NY US","42.502107","-76.417953","352.0","2017-04",,,,,"14",",N","10",",N",,,"1",",N",,,,,,,,,,,,,,,"1.5",",,N,07,","1.54",",,N,21,",,,,,,,,,"5.26",",,,N","2.0",",,,N",,,,,,
"US1NYTM0023","FREEVILLE 3.7 W, NY US","42.502107","-76.417953","352.0","2017-05",,,,,"19",",N","15",",N",,,"0",",N",,,,,,,,,,,,,,,"0.0",",,N,31,+","1.09",",,N,02,",,,,,,,,,"5.30",",,,N","0.0",",,,N",,,,,,
"US1NYTM0023","FREEVILLE 3.7 W, NY US","42.502107","-76.417953","352.0","2017-06",,,,,"15",",N","11",",N",,,"0",",N",,,,,,,,,,,,,,,"0.0",",,N,30,+","0.79",",,N,19,",,,,,,,,,"4.30",",,,N","0.0",",,,N",,,,,,
"US1NYTM0023","FREEVILLE 3.7 W, NY US","42.502107","-76.417953","352.0","2017-07",,,,,"16",",N","11",",N",,,"0",",N",,,,,,,,,,,,,,,"0.0",",,N,31,+","2.20",",,N,15,",,,,,,,,,"9.66",",,,N","0.0",",,,N",,,,,,
"US1NYTM0023","FREEVILLE 3.7 W, NY US","42.502107","-76.417953","352.0","2017-08",,,,,"7",",N","4",",N",,,"0",",N",,,,,,,,,,,,,,,"0.0",",,N,31,+","0.63",",,N,23,",,,,,,,,,"1.51",",,,N","0.0",",,,N",,,,,,
"US1NYTM0023","FREEVILLE 3.7 W, NY US","42.502107","-76.417953","352.0","2017-09",,,,,"12",",N","8",",N",,,"0",",N",,,,,,,,,,,,,,,"0.0",",,N,30,+","0.76",",,N,06,",,,,,,,,,"2.30",",,,N","0.0",",,,N",,,,,,
"US1NYTM0023","FREEVILLE 3.7 W, NY US","42.502107","-76.417953","352.0","2017-10",,,,,"14",",N","10",",N",,,"0",",N",,,,,,,,,,,,,,,"0.0",",,N,31,+","3.16",",,N,30,",,,,,,,,,"7.01",",,,N","0.0",",,,N",,,,,,
"US1NYTM0023","FREEVILLE 3.7 W, NY US","42.502107","-76.417953","352.0","2017-11",,,,,"16",",N","5",",N",,,"0",",N",,,,,,,,,,,,,,,"0.7",",,N,20,","0.79",",,N,02,",,,,,,,,,"2.37",",,,N","1.2",",,,N",,,,,,
"US1NYTM0023","FREEVILLE 3.7 W, NY US","42.502107","-76.417953","352.0","2017-12",,,,,"19","1,N","4","1,N",,,"10","1,N",,,,,,,,,,,,,,,"4.0","1,,N,17,","0.64","1,,N,24,",,,,,,,,,"1.85","1,,,N","19.4","1,,,N",,,,,,
"US1NYTM0023","FREEVILLE 3.7 W, NY US","42.502107","-76.417953","352.0","2018-01",,,,,"16",",N","6",",N",,,"9",",N",,,,,,,,,,,,,,,"4.5",",,N,13,","1.15",",,N,13,",,,,,,,,,"3.01",",,,N","18.5",",,,N",,,,,,
"US1NYTM0023","FREEVILLE 3.7 W, NY US","42.502107","-76.417953","352.0","2018-02",,,,,"16",",N","8",",N",,,"7",",N",,,,,,,,,,,,,,,"6.5",",,N,08,","0.61",",,N,08,",,,,,,,,,"2.94",",,,N","19.3",",,,N",,,,,,
"US1NYTM0023","FREEVILLE 3.7 W, NY US","42.502107","-76.417953","352.0","2018-03",,,,,"15",",N","9",",N",,,"6",",N",,,,,,,,,,,,,,,"5.2",",,N,15,","0.91",",,N,30,+",,,,,,,,,"4.30",",,,N","18.5",",,,N",,,,,,
"US1NYTM0023","FREEVILLE 3.7 W, NY US","42.502107","-76.417953","352.0","2018-04",,,,,"19",",N","8",",N",,,"0",",N",,,,,,,,,,,,,,,"0.5",",,N,20,+","0.83",",,N,17,",,,,,,,,,"2.45",",,,N","2.6",",,,N",,,,,,
"US1NYTM0023","FREEVILLE 3.7 W, NY US","42.502107","-76.417953","352.0","2018-05",,,,,"16",",N","9",",N",,,"0",",N",,,,,,,,,,,,,,,"0.0",",,N,31,+","0.92",",,N,23,",,,,,,,,,"4.09",",,,N","0.0",",,,N",,,,,,
"US1NYTM0023","FREEVILLE 3.7 W, NY US","42.502107","-76.417953","352.0","2018-06",,,,,"13",",N","6",",N",,,"0",",N",,,,,,,,,,,,,,,"0.0",",,N,30,+","0.53",",,N,28,",,,,,,,,,"2.13",",,,N","0.0",",,,N",,,,,,
"US1NYTM0023","FREEVILLE 3.7 W, NY US","42.502107","-76.417953","352.0","2018-07",,,,,"12",",N","9",",N",,,"0",",N",,,,,,,,,,,,,,,"0.0",",,N,31,+","1.38",",,N,17,",,,,,,,,,"5.63",",,,N","0.0",",,,N",,,,,,
"US1NYTM0023","FREEVILLE 3.7 W, NY US","42.502107","-76.417953","352.0","2018-08",,,,,,,,,,,,,,,,,,,,,,,,,,,,,,,,,,,,,,,"4.65",",a,,N",,,,,,,,
"US1NYTM0023","FREEVILLE 3.7 W, NY US","42.502107","-76.417953","352.0","2018-09",,,,,"12",",N","7",",N",,,"0",",N",,,,,,,,,,,,,,,"0.0",",,N,30,+","1.71",",,N,11,",,,,,,,,,"5.01",",,,N","0.0",",,,N",,,,,,
"US1NYTM0023","FREEVILLE 3.7 W, NY US","42.502107","-76.417953","352.0","2018-10",,,,,"22",",N","14",",N",,,"0",",N",,,,,,,,,,,,,,,"0.1",",,N,18,","0.92",",,N,28,",,,,,,,,,"5.60",",,,N","0.1",",,,N",,,,,,
"US1NYTM0023","FREEVILLE 3.7 W, NY US","42.502107","-76.417953","352.0","2018-11",,,,,"22","1,N","12","1,N",,,"7",",N",,,,,,,,,,,,,,,"10.1",",,N,16,","1.10","1,,N,16,",,,,,,,,,"5.65","1,,,N","31.1",",,,N",,,,,,
"US1NYTM0023","FREEVILLE 3.7 W, NY US","42.502107","-76.417953","352.0","2018-12",,,,,"21","1,N","6","1,N",,,"7",",N",,,,,,,,,,,,,,,"4.0",",,N,18,","1.16","1,,N,22,",,,,,,,,,"2.87","1,,,N","15.8",",,,N",,,,,,
