1,1000,New York CC,41095 Gale Plaza,
1,998,New York CC,41095 Gale Plaza,
1,997,New York CC,41095 Gale Plaza,
1,996,New York CC,41095 Gale Plaza,
1,995,New York CC,41095 Gale Plaza,
1,994,New York CC,41095 Gale Plaza,
1,993,New York CC,41095 Gale Plaza,
1,992,New York CC,41095 Gale Plaza,
1,991,New York CC,41095 Gale Plaza,
1,990,New York CC,41095 Gale Plaza,
1,989,New York CC,41095 Gale Plaza,
1,988,New York CC,41095 Gale Plaza,
1,987,New York CC,41095 Gale Plaza,
1,986,New York CC,41095 Gale Plaza,
1,985,New York CC,41095 Gale Plaza,
1,984,New York CC,41095 Gale Plaza,
1,983,New York CC,41095 Gale Plaza,
1,982,New York CC,41095 Gale Plaza,
1,981,New York CC,41095 Gale Plaza,
1,980,New York CC,41095 Gale Plaza,
1,979,New York CC,41095 Gale Plaza,
1,978,New York CC,41095 Gale Plaza,
1,977,New York CC,41095 Gale Plaza,
1,976,New York CC,41095 Gale Plaza,
1,975,New York CC,41095 Gale Plaza,
1,974,New York CC,41095 Gale Plaza,
1,973,New York CC,41095 Gale Plaza,
1,972,New York CC,41095 Gale Plaza,
1,971,New York CC,41095 Gale Plaza,
1,970,New York CC,41095 Gale Plaza,
1,969,New York CC,41095 Gale Plaza,
1,968,New York CC,41095 Gale Plaza,
1,967,New York CC,41095 Gale Plaza,
1,966,New York CC,41095 Gale Plaza,
1,965,New York CC,41095 Gale Plaza,
1,964,New York CC,41095 Gale Plaza,
1,963,New York CC,41095 Gale Plaza,
1,962,New York CC,41095 Gale Plaza,
1,961,New York CC,41095 Gale Plaza,
1,960,New York CC,41095 Gale Plaza,
1,959,New York CC,41095 Gale Plaza,
1,958,New York CC,41095 Gale Plaza,
1,957,New York CC,41095 Gale Plaza,
1,956,New York CC,41095 Gale Plaza,
1,955,New York CC,41095 Gale Plaza,
1,954,New York CC,41095 Gale Plaza,
1,953,New York CC,41095 Gale Plaza,
1,952,New York CC,41095 Gale Plaza,
1,951,New York CC,41095 Gale Plaza,
1,950,New York CC,41095 Gale Plaza,
1,949,New York CC,41095 Gale Plaza,
1,948,New York CC,41095 Gale Plaza,
1,947,New York CC,41095 Gale Plaza,
1,946,New York CC,41095 Gale Plaza,
1,945,New York CC,41095 Gale Plaza,
1,944,New York CC,41095 Gale Plaza,
1,943,New York CC,41095 Gale Plaza,
1,942,New York CC,41095 Gale Plaza,
1,941,New York CC,41095 Gale Plaza,
1,940,New York CC,41095 Gale Plaza,
1,939,New York CC,41095 Gale Plaza,
1,938,New York CC,41095 Gale Plaza,
1,937,New York CC,41095 Gale Plaza,
1,936,New York CC,41095 Gale Plaza,
1,935,New York CC,41095 Gale Plaza,
1,934,New York CC,41095 Gale Plaza,
1,933,New York CC,41095 Gale Plaza,
1,932,New York CC,41095 Gale Plaza,
1,931,New York CC,41095 Gale Plaza,
1,930,New York CC,41095 Gale Plaza,
1,929,New York CC,41095 Gale Plaza,
1,928,New York CC,41095 Gale Plaza,
1,927,New York CC,41095 Gale Plaza,
1,926,New York CC,41095 Gale Plaza,
1,925,New York CC,41095 Gale Plaza,
1,924,New York CC,41095 Gale Plaza,
1,923,New York CC,41095 Gale Plaza,
1,922,New York CC,41095 Gale Plaza,
1,921,New York CC,41095 Gale Plaza,
1,920,New York CC,41095 Gale Plaza,
1,919,New York CC,41095 Gale Plaza,
1,918,New York CC,41095 Gale Plaza,
1,917,New York CC,41095 Gale Plaza,
1,916,New York CC,41095 Gale Plaza,
1,915,New York CC,41095 Gale Plaza,
1,914,New York CC,41095 Gale Plaza,
1,913,New York CC,41095 Gale Plaza,
1,912,New York CC,41095 Gale Plaza,
1,911,New York CC,41095 Gale Plaza,
1,910,New York CC,41095 Gale Plaza,
1,909,New York CC,41095 Gale Plaza,
1,908,New York CC,41095 Gale Plaza,
1,907,New York CC,41095 Gale Plaza,
1,906,New York CC,41095 Gale Plaza,
1,905,New York CC,41095 Gale Plaza,
1,904,New York CC,41095 Gale Plaza,
1,903,New York CC,41095 Gale Plaza,
1,902,New York CC,41095 Gale Plaza,
1,901,New York CC,41095 Gale Plaza,
1,900,New York CC,41095 Gale Plaza,
1,899,New York CC,41095 Gale Plaza,
1,898,New York CC,41095 Gale Plaza,
1,897,New York CC,41095 Gale Plaza,
1,896,New York CC,41095 Gale Plaza,
1,895,New York CC,41095 Gale Plaza,
1,894,New York CC,41095 Gale Plaza,
1,893,New York CC,41095 Gale Plaza,
1,892,New York CC,41095 Gale Plaza,
1,891,New York CC,41095 Gale Plaza,
1,890,New York CC,41095 Gale Plaza,
1,889,New York CC,41095 Gale Plaza,
1,888,New York CC,41095 Gale Plaza,
1,887,New York CC,41095 Gale Plaza,
1,886,New York CC,41095 Gale Plaza,
1,885,New York CC,41095 Gale Plaza,
1,884,New York CC,41095 Gale Plaza,
1,883,New York CC,41095 Gale Plaza,
1,882,New York CC,41095 Gale Plaza,
1,881,New York CC,41095 Gale Plaza,
1,880,New York CC,41095 Gale Plaza,
1,879,New York CC,41095 Gale Plaza,
1,878,New York CC,41095 Gale Plaza,
1,877,New York CC,41095 Gale Plaza,
1,876,New York CC,41095 Gale Plaza,
1,875,New York CC,41095 Gale Plaza,
1,874,New York CC,41095 Gale Plaza,
1,873,New York CC,41095 Gale Plaza,
1,872,New York CC,41095 Gale Plaza,
1,871,New York CC,41095 Gale Plaza,
1,870,New York CC,41095 Gale Plaza,
1,869,New York CC,41095 Gale Plaza,
1,868,New York CC,41095 Gale Plaza,
1,867,New York CC,41095 Gale Plaza,
1,866,New York CC,41095 Gale Plaza,
1,865,New York CC,41095 Gale Plaza,
1,864,New York CC,41095 Gale Plaza,
1,863,New York CC,41095 Gale Plaza,
1,862,New York CC,41095 Gale Plaza,
1,861,New York CC,41095 Gale Plaza,
1,860,New York CC,41095 Gale Plaza,
1,859,New York CC,41095 Gale Plaza,
1,858,New York CC,41095 Gale Plaza,
1,857,New York CC,41095 Gale Plaza,
1,856,New York CC,41095 Gale Plaza,
1,855,New York CC,41095 Gale Plaza,
1,854,New York CC,41095 Gale Plaza,
1,853,New York CC,41095 Gale Plaza,
1,852,New York CC,41095 Gale Plaza,
1,851,New York CC,41095 Gale Plaza,
1,850,New York CC,41095 Gale Plaza,
1,849,New York CC,41095 Gale Plaza,
1,848,New York CC,41095 Gale Plaza,
1,847,New York CC,41095 Gale Plaza,
1,846,New York CC,41095 Gale Plaza,
1,845,New York CC,41095 Gale Plaza,
1,844,New York CC,41095 Gale Plaza,
1,843,New York CC,41095 Gale Plaza,
1,842,New York CC,41095 Gale Plaza,
1,841,New York CC,41095 Gale Plaza,
1,840,New York CC,41095 Gale Plaza,
1,839,New York CC,41095 Gale Plaza,
1,838,New York CC,41095 Gale Plaza,
1,837,New York CC,41095 Gale Plaza,
1,836,New York CC,41095 Gale Plaza,
1,835,New York CC,41095 Gale Plaza,
1,834,New York CC,41095 Gale Plaza,
1,833,New York CC,41095 Gale Plaza,
1,832,New York CC,41095 Gale Plaza,
1,831,New York CC,41095 Gale Plaza,
1,830,New York CC,41095 Gale Plaza,
1,829,New York CC,41095 Gale Plaza,
1,828,New York CC,41095 Gale Plaza,
1,827,New York CC,41095 Gale Plaza,
1,826,New York CC,41095 Gale Plaza,
1,825,New York CC,41095 Gale Plaza,
1,824,New York CC,41095 Gale Plaza,
1,823,New York CC,41095 Gale Plaza,
1,822,New York CC,41095 Gale Plaza,
1,821,New York CC,41095 Gale Plaza,
1,820,New York CC,41095 Gale Plaza,
1,819,New York CC,41095 Gale Plaza,
1,818,New York CC,41095 Gale Plaza,
1,817,New York CC,41095 Gale Plaza,
1,816,New York CC,41095 Gale Plaza,
1,815,New York CC,41095 Gale Plaza,
1,814,New York CC,41095 Gale Plaza,
1,813,New York CC,41095 Gale Plaza,
1,812,New York CC,41095 Gale Plaza,
1,811,New York CC,41095 Gale Plaza,
1,810,New York CC,41095 Gale Plaza,
1,809,New York CC,41095 Gale Plaza,
1,808,New York CC,41095 Gale Plaza,
1,807,New York CC,41095 Gale Plaza,
1,806,New York CC,41095 Gale Plaza,
1,805,New York CC,41095 Gale Plaza,
1,804,New York CC,41095 Gale Plaza,
1,803,New York CC,41095 Gale Plaza,
1,802,New York CC,41095 Gale Plaza,
1,801,New York CC,41095 Gale Plaza,
1,800,New York CC,41095 Gale Plaza,
1,799,New York CC,41095 Gale Plaza,
1,798,New York CC,41095 Gale Plaza,
1,797,New York CC,41095 Gale Plaza,
1,796,New York CC,41095 Gale Plaza,
1,795,New York CC,41095 Gale Plaza,
1,794,New York CC,41095 Gale Plaza,
1,793,New York CC,41095 Gale Plaza,
1,792,New York CC,41095 Gale Plaza,
1,791,New York CC,41095 Gale Plaza,
1,790,New York CC,41095 Gale Plaza,
1,789,New York CC,41095 Gale Plaza,
1,788,New York CC,41095 Gale Plaza,
1,787,New York CC,41095 Gale Plaza,
1,786,New York CC,41095 Gale Plaza,
1,785,New York CC,41095 Gale Plaza,
1,784,New York CC,41095 Gale Plaza,
1,783,New York CC,41095 Gale Plaza,
1,782,New York CC,41095 Gale Plaza,
1,781,New York CC,41095 Gale Plaza,
1,780,New York CC,41095 Gale Plaza,
1,779,New York CC,41095 Gale Plaza,
1,778,New York CC,41095 Gale Plaza,
1,777,New York CC,41095 Gale Plaza,
1,776,New York CC,41095 Gale Plaza,
1,775,New York CC,41095 Gale Plaza,
1,774,New York CC,41095 Gale Plaza,
1,773,New York CC,41095 Gale Plaza,
1,772,New York CC,41095 Gale Plaza,
1,771,New York CC,41095 Gale Plaza,
1,770,New York CC,41095 Gale Plaza,
1,769,New York CC,41095 Gale Plaza,
1,768,New York CC,41095 Gale Plaza,
1,767,New York CC,41095 Gale Plaza,
1,766,New York CC,41095 Gale Plaza,
1,765,New York CC,41095 Gale Plaza,
1,764,New York CC,41095 Gale Plaza,
1,763,New York CC,41095 Gale Plaza,
1,762,New York CC,41095 Gale Plaza,
1,761,New York CC,41095 Gale Plaza,
1,760,New York CC,41095 Gale Plaza,
1,759,New York CC,41095 Gale Plaza,
1,758,New York CC,41095 Gale Plaza,
1,757,New York CC,41095 Gale Plaza,
1,756,New York CC,41095 Gale Plaza,
1,755,New York CC,41095 Gale Plaza,
1,754,New York CC,41095 Gale Plaza,
1,753,New York CC,41095 Gale Plaza,
1,752,New York CC,41095 Gale Plaza,
1,751,New York CC,41095 Gale Plaza,
1,750,New York CC,41095 Gale Plaza,
1,749,New York CC,41095 Gale Plaza,
1,748,New York CC,41095 Gale Plaza,
1,747,New York CC,41095 Gale Plaza,
1,746,New York CC,41095 Gale Plaza,
1,745,New York CC,41095 Gale Plaza,
1,744,New York CC,41095 Gale Plaza,
1,743,New York CC,41095 Gale Plaza,
1,742,New York CC,41095 Gale Plaza,
1,741,New York CC,41095 Gale Plaza,
1,740,New York CC,41095 Gale Plaza,
1,739,New York CC,41095 Gale Plaza,
1,738,New York CC,41095 Gale Plaza,
1,737,New York CC,41095 Gale Plaza,
1,736,New York CC,41095 Gale Plaza,
1,735,New York CC,41095 Gale Plaza,
1,734,New York CC,41095 Gale Plaza,
1,733,New York CC,41095 Gale Plaza,
1,732,New York CC,41095 Gale Plaza,
1,731,New York CC,41095 Gale Plaza,
1,730,New York CC,41095 Gale Plaza,
1,729,New York CC,41095 Gale Plaza,
1,728,New York CC,41095 Gale Plaza,
1,727,New York CC,41095 Gale Plaza,
1,726,New York CC,41095 Gale Plaza,
1,725,New York CC,41095 Gale Plaza,
2,724,Houston CC 1,498 Anzinger Hill,
2,723,Houston CC 1,498 Anzinger Hill,
2,722,Houston CC 1,498 Anzinger Hill,
2,721,Houston CC 1,498 Anzinger Hill,
2,720,Houston CC 1,498 Anzinger Hill,
2,719,Houston CC 1,498 Anzinger Hill,
2,718,Houston CC 1,498 Anzinger Hill,
2,717,Houston CC 1,498 Anzinger Hill,
2,716,Houston CC 1,498 Anzinger Hill,
2,715,Houston CC 1,498 Anzinger Hill,
2,714,Houston CC 1,498 Anzinger Hill,
2,713,Houston CC 1,498 Anzinger Hill,
2,712,Houston CC 1,498 Anzinger Hill,
2,711,Houston CC 1,498 Anzinger Hill,
2,710,Houston CC 1,498 Anzinger Hill,
2,709,Houston CC 1,498 Anzinger Hill,
2,708,Houston CC 1,498 Anzinger Hill,
2,707,Houston CC 1,498 Anzinger Hill,
2,706,Houston CC 1,498 Anzinger Hill,
2,705,Houston CC 1,498 Anzinger Hill,
2,704,Houston CC 1,498 Anzinger Hill,
2,703,Houston CC 1,498 Anzinger Hill,
2,702,Houston CC 1,498 Anzinger Hill,
2,701,Houston CC 1,498 Anzinger Hill,
2,700,Houston CC 1,498 Anzinger Hill,
2,699,Houston CC 1,498 Anzinger Hill,
2,698,Houston CC 1,498 Anzinger Hill,
2,697,Houston CC 1,498 Anzinger Hill,
2,696,Houston CC 1,498 Anzinger Hill,
2,695,Houston CC 1,498 Anzinger Hill,
2,694,Houston CC 1,498 Anzinger Hill,
2,693,Houston CC 1,498 Anzinger Hill,
2,692,Houston CC 1,498 Anzinger Hill,
2,691,Houston CC 1,498 Anzinger Hill,
2,690,Houston CC 1,498 Anzinger Hill,
2,689,Houston CC 1,498 Anzinger Hill,
3,688,Houston CC 2,3 Sage Way,
3,687,Houston CC 2,3 Sage Way,
3,686,Houston CC 2,3 Sage Way,
3,685,Houston CC 2,3 Sage Way,
3,684,Houston CC 2,3 Sage Way,
3,683,Houston CC 2,3 Sage Way,
3,682,Houston CC 2,3 Sage Way,
3,681,Houston CC 2,3 Sage Way,
3,680,Houston CC 2,3 Sage Way,
3,679,Houston CC 2,3 Sage Way,
3,678,Houston CC 2,3 Sage Way,
3,677,Houston CC 2,3 Sage Way,
3,676,Houston CC 2,3 Sage Way,
3,675,Houston CC 2,3 Sage Way,
3,674,Houston CC 2,3 Sage Way,
3,673,Houston CC 2,3 Sage Way,
3,672,Houston CC 2,3 Sage Way,
3,671,Houston CC 2,3 Sage Way,
3,670,Houston CC 2,3 Sage Way,
3,669,Houston CC 2,3 Sage Way,
3,668,Houston CC 2,3 Sage Way,
3,667,Houston CC 2,3 Sage Way,
3,666,Houston CC 2,3 Sage Way,
3,665,Houston CC 2,3 Sage Way,
3,664,Houston CC 2,3 Sage Way,
3,663,Houston CC 2,3 Sage Way,
3,662,Houston CC 2,3 Sage Way,
3,661,Houston CC 2,3 Sage Way,
3,660,Houston CC 2,3 Sage Way,
3,659,Houston CC 2,3 Sage Way,
3,658,Houston CC 2,3 Sage Way,
3,657,Houston CC 2,3 Sage Way,
3,656,Houston CC 2,3 Sage Way,
3,655,Houston CC 2,3 Sage Way,
3,654,Houston CC 2,3 Sage Way,
3,653,Houston CC 2,3 Sage Way,
3,652,Houston CC 2,3 Sage Way,
3,651,Houston CC 2,3 Sage Way,
3,650,Houston CC 2,3 Sage Way,
3,649,Houston CC 2,3 Sage Way,
3,648,Houston CC 2,3 Sage Way,
3,647,Houston CC 2,3 Sage Way,
3,646,Houston CC 2,3 Sage Way,
3,645,Houston CC 2,3 Sage Way,
3,644,Houston CC 2,3 Sage Way,
3,643,Houston CC 2,3 Sage Way,
3,642,Houston CC 2,3 Sage Way,
3,641,Houston CC 2,3 Sage Way,
3,640,Houston CC 2,3 Sage Way,
3,639,Houston CC 2,3 Sage Way,
3,638,Houston CC 2,3 Sage Way,
3,637,Houston CC 2,3 Sage Way,
3,636,Houston CC 2,3 Sage Way,
3,635,Houston CC 2,3 Sage Way,
3,634,Houston CC 2,3 Sage Way,
3,633,Houston CC 2,3 Sage Way,
3,632,Houston CC 2,3 Sage Way,
3,631,Houston CC 2,3 Sage Way,
3,630,Houston CC 2,3 Sage Way,
3,629,Houston CC 2,3 Sage Way,
3,628,Houston CC 2,3 Sage Way,
3,627,Houston CC 2,3 Sage Way,
3,626,Houston CC 2,3 Sage Way,
3,625,Houston CC 2,3 Sage Way,
3,624,Houston CC 2,3 Sage Way,
3,623,Houston CC 2,3 Sage Way,
3,622,Houston CC 2,3 Sage Way,
3,621,Houston CC 2,3 Sage Way,
3,620,Houston CC 2,3 Sage Way,
3,619,Houston CC 2,3 Sage Way,
3,618,Houston CC 2,3 Sage Way,
3,617,Houston CC 2,3 Sage Way,
3,616,Houston CC 2,3 Sage Way,
3,615,Houston CC 2,3 Sage Way,
3,614,Houston CC 2,3 Sage Way,
3,613,Houston CC 2,3 Sage Way,
3,612,Houston CC 2,3 Sage Way,
3,611,Houston CC 2,3 Sage Way,
3,610,Houston CC 2,3 Sage Way,
3,609,Houston CC 2,3 Sage Way,
3,608,Houston CC 2,3 Sage Way,
3,607,Houston CC 2,3 Sage Way,
3,606,Houston CC 2,3 Sage Way,
4,605,UFD Mumbai,5627 Saint Paul Avenue,
4,604,UFD Mumbai,5627 Saint Paul Avenue,
4,603,UFD Mumbai,5627 Saint Paul Avenue,
4,602,UFD Mumbai,5627 Saint Paul Avenue,
4,601,UFD Mumbai,5627 Saint Paul Avenue,
4,600,UFD Mumbai,5627 Saint Paul Avenue,
4,599,UFD Mumbai,5627 Saint Paul Avenue,
4,598,UFD Mumbai,5627 Saint Paul Avenue,
4,597,UFD Mumbai,5627 Saint Paul Avenue,
4,596,UFD Mumbai,5627 Saint Paul Avenue,
4,595,UFD Mumbai,5627 Saint Paul Avenue,
4,594,UFD Mumbai,5627 Saint Paul Avenue,
4,593,UFD Mumbai,5627 Saint Paul Avenue,
4,592,UFD Mumbai,5627 Saint Paul Avenue,
4,591,UFD Mumbai,5627 Saint Paul Avenue,
4,590,UFD Mumbai,5627 Saint Paul Avenue,
4,589,UFD Mumbai,5627 Saint Paul Avenue,
4,588,UFD Mumbai,5627 Saint Paul Avenue,
4,587,UFD Mumbai,5627 Saint Paul Avenue,
4,586,UFD Mumbai,5627 Saint Paul Avenue,
4,585,UFD Mumbai,5627 Saint Paul Avenue,
4,584,UFD Mumbai,5627 Saint Paul Avenue,
4,583,UFD Mumbai,5627 Saint Paul Avenue,
4,582,UFD Mumbai,5627 Saint Paul Avenue,
4,581,UFD Mumbai,5627 Saint Paul Avenue,
4,580,UFD Mumbai,5627 Saint Paul Avenue,
4,579,UFD Mumbai,5627 Saint Paul Avenue,
4,578,UFD Mumbai,5627 Saint Paul Avenue,
4,577,UFD Mumbai,5627 Saint Paul Avenue,
4,576,UFD Mumbai,5627 Saint Paul Avenue,
4,575,UFD Mumbai,5627 Saint Paul Avenue,
4,574,UFD Mumbai,5627 Saint Paul Avenue,
4,573,UFD Mumbai,5627 Saint Paul Avenue,
4,572,UFD Mumbai,5627 Saint Paul Avenue,
4,571,UFD Mumbai,5627 Saint Paul Avenue,
4,570,UFD Mumbai,5627 Saint Paul Avenue,
4,569,UFD Mumbai,5627 Saint Paul Avenue,
4,568,UFD Mumbai,5627 Saint Paul Avenue,
4,567,UFD Mumbai,5627 Saint Paul Avenue,
4,566,UFD Mumbai,5627 Saint Paul Avenue,
4,565,UFD Mumbai,5627 Saint Paul Avenue,
4,564,UFD Mumbai,5627 Saint Paul Avenue,
4,563,UFD Mumbai,5627 Saint Paul Avenue,
4,562,UFD Mumbai,5627 Saint Paul Avenue,
4,561,UFD Mumbai,5627 Saint Paul Avenue,
4,560,UFD Mumbai,5627 Saint Paul Avenue,
4,559,UFD Mumbai,5627 Saint Paul Avenue,
4,558,UFD Mumbai,5627 Saint Paul Avenue,
4,557,UFD Mumbai,5627 Saint Paul Avenue,
4,556,UFD Mumbai,5627 Saint Paul Avenue,
4,555,UFD Mumbai,5627 Saint Paul Avenue,
4,554,UFD Mumbai,5627 Saint Paul Avenue,
4,553,UFD Mumbai,5627 Saint Paul Avenue,
4,552,UFD Mumbai,5627 Saint Paul Avenue,
4,551,UFD Mumbai,5627 Saint Paul Avenue,
4,550,UFD Mumbai,5627 Saint Paul Avenue,
4,549,UFD Mumbai,5627 Saint Paul Avenue,
4,548,UFD Mumbai,5627 Saint Paul Avenue,
4,547,UFD Mumbai,5627 Saint Paul Avenue,
4,546,UFD Mumbai,5627 Saint Paul Avenue,
4,545,UFD Mumbai,5627 Saint Paul Avenue,
4,544,UFD Mumbai,5627 Saint Paul Avenue,
4,543,UFD Mumbai,5627 Saint Paul Avenue,
4,542,UFD Mumbai,5627 Saint Paul Avenue,
4,541,UFD Mumbai,5627 Saint Paul Avenue,
4,540,UFD Mumbai,5627 Saint Paul Avenue,
4,539,UFD Mumbai,5627 Saint Paul Avenue,
4,538,UFD Mumbai,5627 Saint Paul Avenue,
4,537,UFD Mumbai,5627 Saint Paul Avenue,
4,536,UFD Mumbai,5627 Saint Paul Avenue,
4,535,UFD Mumbai,5627 Saint Paul Avenue,
4,534,UFD Mumbai,5627 Saint Paul Avenue,
4,533,UFD Mumbai,5627 Saint Paul Avenue,
4,532,UFD Mumbai,5627 Saint Paul Avenue,
4,531,UFD Mumbai,5627 Saint Paul Avenue,
4,530,UFD Mumbai,5627 Saint Paul Avenue,
4,529,UFD Mumbai,5627 Saint Paul Avenue,
4,528,UFD Mumbai,5627 Saint Paul Avenue,
4,527,UFD Mumbai,5627 Saint Paul Avenue,
4,526,UFD Mumbai,5627 Saint Paul Avenue,
4,525,UFD Mumbai,5627 Saint Paul Avenue,
4,524,UFD Mumbai,5627 Saint Paul Avenue,
4,523,UFD Mumbai,5627 Saint Paul Avenue,
4,522,UFD Mumbai,5627 Saint Paul Avenue,
4,521,UFD Mumbai,5627 Saint Paul Avenue,
4,520,UFD Mumbai,5627 Saint Paul Avenue,
4,519,UFD Mumbai,5627 Saint Paul Avenue,
4,518,UFD Mumbai,5627 Saint Paul Avenue,
4,517,UFD Mumbai,5627 Saint Paul Avenue,
4,516,UFD Mumbai,5627 Saint Paul Avenue,
4,515,UFD Mumbai,5627 Saint Paul Avenue,
4,514,UFD Mumbai,5627 Saint Paul Avenue,
4,513,UFD Mumbai,5627 Saint Paul Avenue,
4,512,UFD Mumbai,5627 Saint Paul Avenue,
4,511,UFD Mumbai,5627 Saint Paul Avenue,
4,510,UFD Mumbai,5627 Saint Paul Avenue,
4,509,UFD Mumbai,5627 Saint Paul Avenue,
4,508,UFD Mumbai,5627 Saint Paul Avenue,
4,507,UFD Mumbai,5627 Saint Paul Avenue,
4,506,UFD Mumbai,5627 Saint Paul Avenue,
4,505,UFD Mumbai,5627 Saint Paul Avenue,
4,504,UFD Mumbai,5627 Saint Paul Avenue,
4,503,UFD Mumbai,5627 Saint Paul Avenue,
4,502,UFD Mumbai,5627 Saint Paul Avenue,
4,501,UFD Mumbai,5627 Saint Paul Avenue,
4,500,UFD Mumbai,5627 Saint Paul Avenue,
4,499,UFD Mumbai,5627 Saint Paul Avenue,
4,498,UFD Mumbai,5627 Saint Paul Avenue,
4,497,UFD Mumbai,5627 Saint Paul Avenue,
4,496,UFD Mumbai,5627 Saint Paul Avenue,
4,495,UFD Mumbai,5627 Saint Paul Avenue,
4,494,UFD Mumbai,5627 Saint Paul Avenue,
4,493,UFD Mumbai,5627 Saint Paul Avenue,
4,492,UFD Mumbai,5627 Saint Paul Avenue,
4,491,UFD Mumbai,5627 Saint Paul Avenue,
4,490,UFD Mumbai,5627 Saint Paul Avenue,
4,489,UFD Mumbai,5627 Saint Paul Avenue,
4,488,UFD Mumbai,5627 Saint Paul Avenue,
4,487,UFD Mumbai,5627 Saint Paul Avenue,
4,486,UFD Mumbai,5627 Saint Paul Avenue,
4,485,UFD Mumbai,5627 Saint Paul Avenue,
4,484,UFD Mumbai,5627 Saint Paul Avenue,
4,483,UFD Mumbai,5627 Saint Paul Avenue,
4,482,UFD Mumbai,5627 Saint Paul Avenue,
4,481,UFD Mumbai,5627 Saint Paul Avenue,
4,480,UFD Mumbai,5627 Saint Paul Avenue,
4,479,UFD Mumbai,5627 Saint Paul Avenue,
4,478,UFD Mumbai,5627 Saint Paul Avenue,
4,477,UFD Mumbai,5627 Saint Paul Avenue,
4,476,UFD Mumbai,5627 Saint Paul Avenue,
4,475,UFD Mumbai,5627 Saint Paul Avenue,
4,474,UFD Mumbai,5627 Saint Paul Avenue,
4,473,UFD Mumbai,5627 Saint Paul Avenue,
4,472,UFD Mumbai,5627 Saint Paul Avenue,
4,471,UFD Mumbai,5627 Saint Paul Avenue,
4,470,UFD Mumbai,5627 Saint Paul Avenue,
4,469,UFD Mumbai,5627 Saint Paul Avenue,
4,468,UFD Mumbai,5627 Saint Paul Avenue,
4,467,UFD Mumbai,5627 Saint Paul Avenue,
4,466,UFD Mumbai,5627 Saint Paul Avenue,
4,465,UFD Mumbai,5627 Saint Paul Avenue,
4,464,UFD Mumbai,5627 Saint Paul Avenue,
4,463,UFD Mumbai,5627 Saint Paul Avenue,
4,462,UFD Mumbai,5627 Saint Paul Avenue,
4,461,UFD Mumbai,5627 Saint Paul Avenue,
4,460,UFD Mumbai,5627 Saint Paul Avenue,
4,459,UFD Mumbai,5627 Saint Paul Avenue,
4,458,UFD Mumbai,5627 Saint Paul Avenue,
4,457,UFD Mumbai,5627 Saint Paul Avenue,
4,456,UFD Mumbai,5627 Saint Paul Avenue,
4,455,UFD Mumbai,5627 Saint Paul Avenue,
4,454,UFD Mumbai,5627 Saint Paul Avenue,
4,453,UFD Mumbai,5627 Saint Paul Avenue,
4,452,UFD Mumbai,5627 Saint Paul Avenue,
4,451,UFD Mumbai,5627 Saint Paul Avenue,
4,450,UFD Mumbai,5627 Saint Paul Avenue,
4,449,UFD Mumbai,5627 Saint Paul Avenue,
4,448,UFD Mumbai,5627 Saint Paul Avenue,
4,447,UFD Mumbai,5627 Saint Paul Avenue,
4,446,UFD Mumbai,5627 Saint Paul Avenue,
4,445,UFD Mumbai,5627 Saint Paul Avenue,
4,444,UFD Mumbai,5627 Saint Paul Avenue,
4,443,UFD Mumbai,5627 Saint Paul Avenue,
4,442,UFD Mumbai,5627 Saint Paul Avenue,
4,441,UFD Mumbai,5627 Saint Paul Avenue,
4,440,UFD Mumbai,5627 Saint Paul Avenue,
4,439,UFD Mumbai,5627 Saint Paul Avenue,
4,438,UFD Mumbai,5627 Saint Paul Avenue,
4,437,UFD Mumbai,5627 Saint Paul Avenue,
4,436,UFD Mumbai,5627 Saint Paul Avenue,
4,435,UFD Mumbai,5627 Saint Paul Avenue,
4,434,UFD Mumbai,5627 Saint Paul Avenue,
4,433,UFD Mumbai,5627 Saint Paul Avenue,
4,432,UFD Mumbai,5627 Saint Paul Avenue,
4,431,UFD Mumbai,5627 Saint Paul Avenue,
4,430,UFD Mumbai,5627 Saint Paul Avenue,
4,429,UFD Mumbai,5627 Saint Paul Avenue,
4,428,UFD Mumbai,5627 Saint Paul Avenue,
4,427,UFD Mumbai,5627 Saint Paul Avenue,
4,426,UFD Mumbai,5627 Saint Paul Avenue,
4,425,UFD Mumbai,5627 Saint Paul Avenue,
4,424,UFD Mumbai,5627 Saint Paul Avenue,
4,423,UFD Mumbai,5627 Saint Paul Avenue,
4,422,UFD Mumbai,5627 Saint Paul Avenue,
4,421,UFD Mumbai,5627 Saint Paul Avenue,
4,420,UFD Mumbai,5627 Saint Paul Avenue,
4,419,UFD Mumbai,5627 Saint Paul Avenue,
4,418,UFD Mumbai,5627 Saint Paul Avenue,
4,417,UFD Mumbai,5627 Saint Paul Avenue,
4,416,UFD Mumbai,5627 Saint Paul Avenue,
4,415,UFD Mumbai,5627 Saint Paul Avenue,
4,414,UFD Mumbai,5627 Saint Paul Avenue,
4,413,UFD Mumbai,5627 Saint Paul Avenue,
4,412,UFD Mumbai,5627 Saint Paul Avenue,
4,411,UFD Mumbai,5627 Saint Paul Avenue,
4,410,UFD Mumbai,5627 Saint Paul Avenue,
4,409,UFD Mumbai,5627 Saint Paul Avenue,
4,408,UFD Mumbai,5627 Saint Paul Avenue,
4,407,UFD Mumbai,5627 Saint Paul Avenue,
4,406,UFD Mumbai,5627 Saint Paul Avenue,
4,405,UFD Mumbai,5627 Saint Paul Avenue,
4,404,UFD Mumbai,5627 Saint Paul Avenue,
5,403,Chennai DF,542 New Castle Trail,
5,402,Chennai DF,542 New Castle Trail,
5,401,Chennai DF,542 New Castle Trail,
5,400,Chennai DF,542 New Castle Trail,
5,399,Chennai DF,542 New Castle Trail,
5,398,Chennai DF,542 New Castle Trail,
5,397,Chennai DF,542 New Castle Trail,
5,396,Chennai DF,542 New Castle Trail,
5,395,Chennai DF,542 New Castle Trail,
5,394,Chennai DF,542 New Castle Trail,
5,393,Chennai DF,542 New Castle Trail,
5,392,Chennai DF,542 New Castle Trail,
5,391,Chennai DF,542 New Castle Trail,
5,390,Chennai DF,542 New Castle Trail,
5,389,Chennai DF,542 New Castle Trail,
5,388,Chennai DF,542 New Castle Trail,
5,387,Chennai DF,542 New Castle Trail,
5,386,Chennai DF,542 New Castle Trail,
5,385,Chennai DF,542 New Castle Trail,
5,384,Chennai DF,542 New Castle Trail,
5,383,Chennai DF,542 New Castle Trail,
5,382,Chennai DF,542 New Castle Trail,
5,381,Chennai DF,542 New Castle Trail,
5,380,Chennai DF,542 New Castle Trail,
5,379,Chennai DF,542 New Castle Trail,
5,378,Chennai DF,542 New Castle Trail,
5,377,Chennai DF,542 New Castle Trail,
5,376,Chennai DF,542 New Castle Trail,
5,375,Chennai DF,542 New Castle Trail,
5,374,Chennai DF,542 New Castle Trail,
5,373,Chennai DF,542 New Castle Trail,
5,372,Chennai DF,542 New Castle Trail,
5,371,Chennai DF,542 New Castle Trail,
5,370,Chennai DF,542 New Castle Trail,
5,369,Chennai DF,542 New Castle Trail,
5,368,Chennai DF,542 New Castle Trail,
5,367,Chennai DF,542 New Castle Trail,
5,366,Chennai DF,542 New Castle Trail,
5,365,Chennai DF,542 New Castle Trail,
5,364,Chennai DF,542 New Castle Trail,
5,363,Chennai DF,542 New Castle Trail,
5,362,Chennai DF,542 New Castle Trail,
5,361,Chennai DF,542 New Castle Trail,
5,360,Chennai DF,542 New Castle Trail,
5,359,Chennai DF,542 New Castle Trail,
5,358,Chennai DF,542 New Castle Trail,
5,357,Chennai DF,542 New Castle Trail,
5,356,Chennai DF,542 New Castle Trail,
5,355,Chennai DF,542 New Castle Trail,
5,354,Chennai DF,542 New Castle Trail,
5,353,Chennai DF,542 New Castle Trail,
5,352,Chennai DF,542 New Castle Trail,
5,351,Chennai DF,542 New Castle Trail,
5,350,Chennai DF,542 New Castle Trail,
5,349,Chennai DF,542 New Castle Trail,
5,348,Chennai DF,542 New Castle Trail,
5,347,Chennai DF,542 New Castle Trail,
5,346,Chennai DF,542 New Castle Trail,
5,345,Chennai DF,542 New Castle Trail,
5,344,Chennai DF,542 New Castle Trail,
5,343,Chennai DF,542 New Castle Trail,
5,342,Chennai DF,542 New Castle Trail,
5,341,Chennai DF,542 New Castle Trail,
5,340,Chennai DF,542 New Castle Trail,
5,339,Chennai DF,542 New Castle Trail,
5,338,Chennai DF,542 New Castle Trail,
5,337,Chennai DF,542 New Castle Trail,
5,336,Chennai DF,542 New Castle Trail,
5,335,Chennai DF,542 New Castle Trail,
5,334,Chennai DF,542 New Castle Trail,
5,333,Chennai DF,542 New Castle Trail,
5,332,Chennai DF,542 New Castle Trail,
5,331,Chennai DF,542 New Castle Trail,
5,330,Chennai DF,542 New Castle Trail,
5,329,Chennai DF,542 New Castle Trail,
5,328,Chennai DF,542 New Castle Trail,
5,327,Chennai DF,542 New Castle Trail,
5,326,Chennai DF,542 New Castle Trail,
5,325,Chennai DF,542 New Castle Trail,
5,324,Chennai DF,542 New Castle Trail,
5,323,Chennai DF,542 New Castle Trail,
5,322,Chennai DF,542 New Castle Trail,
5,321,Chennai DF,542 New Castle Trail,
5,320,Chennai DF,542 New Castle Trail,
5,319,Chennai DF,542 New Castle Trail,
5,318,Chennai DF,542 New Castle Trail,
5,317,Chennai DF,542 New Castle Trail,
5,316,Chennai DF,542 New Castle Trail,
5,315,Chennai DF,542 New Castle Trail,
5,314,Chennai DF,542 New Castle Trail,
5,313,Chennai DF,542 New Castle Trail,
5,312,Chennai DF,542 New Castle Trail,
5,311,Chennai DF,542 New Castle Trail,
5,310,Chennai DF,542 New Castle Trail,
5,309,Chennai DF,542 New Castle Trail,
5,308,Chennai DF,542 New Castle Trail,
5,307,Chennai DF,542 New Castle Trail,
5,306,Chennai DF,542 New Castle Trail,
5,305,Chennai DF,542 New Castle Trail,
5,304,Chennai DF,542 New Castle Trail,
5,303,Chennai DF,542 New Castle Trail,
5,302,Chennai DF,542 New Castle Trail,
5,301,Chennai DF,542 New Castle Trail,
5,300,Chennai DF,542 New Castle Trail,
5,299,Chennai DF,542 New Castle Trail,
5,298,Chennai DF,542 New Castle Trail,
5,297,Chennai DF,542 New Castle Trail,
5,296,Chennai DF,542 New Castle Trail,
5,295,Chennai DF,542 New Castle Trail,
5,294,Chennai DF,542 New Castle Trail,
5,293,Chennai DF,542 New Castle Trail,
5,292,Chennai DF,542 New Castle Trail,
5,291,Chennai DF,542 New Castle Trail,
5,290,Chennai DF,542 New Castle Trail,
5,289,Chennai DF,542 New Castle Trail,
5,288,Chennai DF,542 New Castle Trail,
5,287,Chennai DF,542 New Castle Trail,
5,286,Chennai DF,542 New Castle Trail,
5,285,Chennai DF,542 New Castle Trail,
5,284,Chennai DF,542 New Castle Trail,
5,283,Chennai DF,542 New Castle Trail,
5,282,Chennai DF,542 New Castle Trail,
5,281,Chennai DF,542 New Castle Trail,
5,280,Chennai DF,542 New Castle Trail,
5,279,Chennai DF,542 New Castle Trail,
5,278,Chennai DF,542 New Castle Trail,
5,277,Chennai DF,542 New Castle Trail,
5,276,Chennai DF,542 New Castle Trail,
5,275,Chennai DF,542 New Castle Trail,
5,274,Chennai DF,542 New Castle Trail,
5,273,Chennai DF,542 New Castle Trail,
5,272,Chennai DF,542 New Castle Trail,
5,271,Chennai DF,542 New Castle Trail,
5,270,Chennai DF,542 New Castle Trail,
5,269,Chennai DF,542 New Castle Trail,
5,268,Chennai DF,542 New Castle Trail,
5,267,Chennai DF,542 New Castle Trail,
5,266,Chennai DF,542 New Castle Trail,
5,265,Chennai DF,542 New Castle Trail,
5,264,Chennai DF,542 New Castle Trail,
5,263,Chennai DF,542 New Castle Trail,
5,262,Chennai DF,542 New Castle Trail,
5,261,Chennai DF,542 New Castle Trail,
5,260,Chennai DF,542 New Castle Trail,
5,259,Chennai DF,542 New Castle Trail,
5,258,Chennai DF,542 New Castle Trail,
5,257,Chennai DF,542 New Castle Trail,
5,256,Chennai DF,542 New Castle Trail,
5,255,Chennai DF,542 New Castle Trail,
5,254,Chennai DF,542 New Castle Trail,
5,253,Chennai DF,542 New Castle Trail,
5,252,Chennai DF,542 New Castle Trail,
5,251,Chennai DF,542 New Castle Trail,
5,250,Chennai DF,542 New Castle Trail,
5,249,Chennai DF,542 New Castle Trail,
5,248,Chennai DF,542 New Castle Trail,
5,247,Chennai DF,542 New Castle Trail,
5,246,Chennai DF,542 New Castle Trail,
5,245,Chennai DF,542 New Castle Trail,
5,244,Chennai DF,542 New Castle Trail,
5,243,Chennai DF,542 New Castle Trail,
5,242,Chennai DF,542 New Castle Trail,
5,241,Chennai DF,542 New Castle Trail,
5,240,Chennai DF,542 New Castle Trail,
5,239,Chennai DF,542 New Castle Trail,
5,238,Chennai DF,542 New Castle Trail,
5,237,Chennai DF,542 New Castle Trail,
5,236,Chennai DF,542 New Castle Trail,
5,235,Chennai DF,542 New Castle Trail,
5,234,Chennai DF,542 New Castle Trail,
5,233,Chennai DF,542 New Castle Trail,
5,232,Chennai DF,542 New Castle Trail,
5,231,Chennai DF,542 New Castle Trail,
5,230,Chennai DF,542 New Castle Trail,
5,229,Chennai DF,542 New Castle Trail,
5,228,Chennai DF,542 New Castle Trail,
5,227,Chennai DF,542 New Castle Trail,
5,226,Chennai DF,542 New Castle Trail,
5,225,Chennai DF,542 New Castle Trail,
5,224,Chennai DF,542 New Castle Trail,
5,223,Chennai DF,542 New Castle Trail,
5,222,Chennai DF,542 New Castle Trail,
5,221,Chennai DF,542 New Castle Trail,
5,220,Chennai DF,542 New Castle Trail,
5,219,Chennai DF,542 New Castle Trail,
5,218,Chennai DF,542 New Castle Trail,
5,217,Chennai DF,542 New Castle Trail,
5,216,Chennai DF,542 New Castle Trail,
5,215,Chennai DF,542 New Castle Trail,
5,214,Chennai DF,542 New Castle Trail,
5,213,Chennai DF,542 New Castle Trail,
5,212,Chennai DF,542 New Castle Trail,
5,211,Chennai DF,542 New Castle Trail,
5,210,Chennai DF,542 New Castle Trail,
5,209,Chennai DF,542 New Castle Trail,
5,208,Chennai DF,542 New Castle Trail,
5,207,Chennai DF,542 New Castle Trail,
5,206,Chennai DF,542 New Castle Trail,
5,205,Chennai DF,542 New Castle Trail,
5,204,Chennai DF,542 New Castle Trail,
5,203,Chennai DF,542 New Castle Trail,
5,202,Chennai DF,542 New Castle Trail,
5,201,Chennai DF,542 New Castle Trail,
5,200,Chennai DF,542 New Castle Trail,
5,199,Chennai DF,542 New Castle Trail,
5,198,Chennai DF,542 New Castle Trail,
5,197,Chennai DF,542 New Castle Trail,
5,196,Chennai DF,542 New Castle Trail,
5,195,Chennai DF,542 New Castle Trail,
5,194,Chennai DF,542 New Castle Trail,
5,193,Chennai DF,542 New Castle Trail,
5,192,Chennai DF,542 New Castle Trail,
5,191,Chennai DF,542 New Castle Trail,
5,190,Chennai DF,542 New Castle Trail,
5,189,Chennai DF,542 New Castle Trail,
5,188,Chennai DF,542 New Castle Trail,
5,187,Chennai DF,542 New Castle Trail,
5,186,Chennai DF,542 New Castle Trail,
5,185,Chennai DF,542 New Castle Trail,
5,184,Chennai DF,542 New Castle Trail,
5,183,Chennai DF,542 New Castle Trail,
5,182,Chennai DF,542 New Castle Trail,
5,181,Chennai DF,542 New Castle Trail,
5,180,Chennai DF,542 New Castle Trail,
5,179,Chennai DF,542 New Castle Trail,
5,178,Chennai DF,542 New Castle Trail,
5,177,Chennai DF,542 New Castle Trail,
5,176,Chennai DF,542 New Castle Trail,
5,175,Chennai DF,542 New Castle Trail,
5,174,Chennai DF,542 New Castle Trail,
5,173,Chennai DF,542 New Castle Trail,
5,172,Chennai DF,542 New Castle Trail,
5,171,Chennai DF,542 New Castle Trail,
5,170,Chennai DF,542 New Castle Trail,
5,169,Chennai DF,542 New Castle Trail,
5,168,Chennai DF,542 New Castle Trail,
5,167,Chennai DF,542 New Castle Trail,
5,166,Chennai DF,542 New Castle Trail,
5,165,Chennai DF,542 New Castle Trail,
5,164,Chennai DF,542 New Castle Trail,
5,163,Chennai DF,542 New Castle Trail,
5,162,Chennai DF,542 New Castle Trail,
5,161,Chennai DF,542 New Castle Trail,
5,160,Chennai DF,542 New Castle Trail,
5,159,Chennai DF,542 New Castle Trail,
5,158,Chennai DF,542 New Castle Trail,
5,157,Chennai DF,542 New Castle Trail,
5,156,Chennai DF,542 New Castle Trail,
5,155,Chennai DF,542 New Castle Trail,
5,154,Chennai DF,542 New Castle Trail,
5,153,Chennai DF,542 New Castle Trail,
5,152,Chennai DF,542 New Castle Trail,
5,151,Chennai DF,542 New Castle Trail,
5,150,Chennai DF,542 New Castle Trail,
5,149,Chennai DF,542 New Castle Trail,
5,148,Chennai DF,542 New Castle Trail,
5,147,Chennai DF,542 New Castle Trail,
5,146,Chennai DF,542 New Castle Trail,
5,145,Chennai DF,542 New Castle Trail,
5,144,Chennai DF,542 New Castle Trail,
5,143,Chennai DF,542 New Castle Trail,
5,142,Chennai DF,542 New Castle Trail,
5,141,Chennai DF,542 New Castle Trail,
5,140,Chennai DF,542 New Castle Trail,
5,139,Chennai DF,542 New Castle Trail,
5,138,Chennai DF,542 New Castle Trail,
5,137,Chennai DF,542 New Castle Trail,
5,136,Chennai DF,542 New Castle Trail,
5,135,Chennai DF,542 New Castle Trail,
5,134,Chennai DF,542 New Castle Trail,
5,133,Chennai DF,542 New Castle Trail,
5,132,Chennai DF,542 New Castle Trail,
5,131,Chennai DF,542 New Castle Trail,
5,130,Chennai DF,542 New Castle Trail,
5,129,Chennai DF,542 New Castle Trail,
5,128,Chennai DF,542 New Castle Trail,
5,127,Chennai DF,542 New Castle Trail,
5,126,Chennai DF,542 New Castle Trail,
5,125,Chennai DF,542 New Castle Trail,
5,124,Chennai DF,542 New Castle Trail,
5,123,Chennai DF,542 New Castle Trail,
5,122,Chennai DF,542 New Castle Trail,
5,121,Chennai DF,542 New Castle Trail,
5,120,Chennai DF,542 New Castle Trail,
5,119,Chennai DF,542 New Castle Trail,
5,118,Chennai DF,542 New Castle Trail,
5,117,Chennai DF,542 New Castle Trail,
5,116,Chennai DF,542 New Castle Trail,
5,115,Chennai DF,542 New Castle Trail,
5,114,Chennai DF,542 New Castle Trail,
5,113,Chennai DF,542 New Castle Trail,
5,112,Chennai DF,542 New Castle Trail,
5,111,Chennai DF,542 New Castle Trail,
5,110,Chennai DF,542 New Castle Trail,
5,109,Chennai DF,542 New Castle Trail,
5,108,Chennai DF,542 New Castle Trail,
5,107,Chennai DF,542 New Castle Trail,
5,106,Chennai DF,542 New Castle Trail,
5,105,Chennai DF,542 New Castle Trail,
5,104,Chennai DF,542 New Castle Trail,
5,103,Chennai DF,542 New Castle Trail,
5,102,Chennai DF,542 New Castle Trail,
5,101,Chennai DF,542 New Castle Trail,
5,100,Chennai DF,542 New Castle Trail,
5,99,Chennai DF,542 New Castle Trail,
5,98,Chennai DF,542 New Castle Trail,
5,97,Chennai DF,542 New Castle Trail,
5,96,Chennai DF,542 New Castle Trail,
5,95,Chennai DF,542 New Castle Trail,
5,94,Chennai DF,542 New Castle Trail,
5,93,Chennai DF,542 New Castle Trail,
5,92,Chennai DF,542 New Castle Trail,
5,91,Chennai DF,542 New Castle Trail,
5,90,Chennai DF,542 New Castle Trail,
5,89,Chennai DF,542 New Castle Trail,
5,88,Chennai DF,542 New Castle Trail,
5,87,Chennai DF,542 New Castle Trail,
5,86,Chennai DF,542 New Castle Trail,
5,85,Chennai DF,542 New Castle Trail,
5,84,Chennai DF,542 New Castle Trail,
5,83,Chennai DF,542 New Castle Trail,
5,82,Chennai DF,542 New Castle Trail,
5,81,Chennai DF,542 New Castle Trail,
5,80,Chennai DF,542 New Castle Trail,
5,79,Chennai DF,542 New Castle Trail,
5,78,Chennai DF,542 New Castle Trail,
5,77,Chennai DF,542 New Castle Trail,
5,76,Chennai DF,542 New Castle Trail,
5,75,Chennai DF,542 New Castle Trail,
5,74,Chennai DF,542 New Castle Trail,
5,73,Chennai DF,542 New Castle Trail,
5,72,Chennai DF,542 New Castle Trail,
5,71,Chennai DF,542 New Castle Trail,
5,70,Chennai DF,542 New Castle Trail,
5,69,Chennai DF,542 New Castle Trail,
5,68,Chennai DF,542 New Castle Trail,
5,67,Chennai DF,542 New Castle Trail,
5,66,Chennai DF,542 New Castle Trail,
5,65,Chennai DF,542 New Castle Trail,
5,64,Chennai DF,542 New Castle Trail,
5,63,Chennai DF,542 New Castle Trail,
5,62,Chennai DF,542 New Castle Trail,
5,61,Chennai DF,542 New Castle Trail,
5,60,Chennai DF,542 New Castle Trail,
5,59,Chennai DF,542 New Castle Trail,
5,58,Chennai DF,542 New Castle Trail,
5,57,Chennai DF,542 New Castle Trail,
5,56,Chennai DF,542 New Castle Trail,
5,55,Chennai DF,542 New Castle Trail,
5,54,Chennai DF,542 New Castle Trail,
5,53,Chennai DF,542 New Castle Trail,
5,52,Chennai DF,542 New Castle Trail,
5,51,Chennai DF,542 New Castle Trail,
5,50,Chennai DF,542 New Castle Trail,
5,49,Chennai DF,542 New Castle Trail,
5,48,Chennai DF,542 New Castle Trail,
5,47,Chennai DF,542 New Castle Trail,
5,46,Chennai DF,542 New Castle Trail,
5,45,Chennai DF,542 New Castle Trail,
5,44,Chennai DF,542 New Castle Trail,
5,43,Chennai DF,542 New Castle Trail,
5,42,Chennai DF,542 New Castle Trail,
5,41,Chennai DF,542 New Castle Trail,
5,40,Chennai DF,542 New Castle Trail,
5,39,Chennai DF,542 New Castle Trail,
5,38,Chennai DF,542 New Castle Trail,
5,37,Chennai DF,542 New Castle Trail,
5,36,Chennai DF,542 New Castle Trail,
5,35,Chennai DF,542 New Castle Trail,
5,34,Chennai DF,542 New Castle Trail,
5,33,Chennai DF,542 New Castle Trail,
5,32,Chennai DF,542 New Castle Trail,
5,31,Chennai DF,542 New Castle Trail,
5,30,Chennai DF,542 New Castle Trail,
5,29,Chennai DF,542 New Castle Trail,
5,28,Chennai DF,542 New Castle Trail,
5,27,Chennai DF,542 New Castle Trail,
5,26,Chennai DF,542 New Castle Trail,
5,25,Chennai DF,542 New Castle Trail,
5,24,Chennai DF,542 New Castle Trail,
5,23,Chennai DF,542 New Castle Trail,
5,22,Chennai DF,542 New Castle Trail,
5,21,Chennai DF,542 New Castle Trail,
5,20,Chennai DF,542 New Castle Trail,
5,19,Chennai DF,542 New Castle Trail,
5,18,Chennai DF,542 New Castle Trail,
5,17,Chennai DF,542 New Castle Trail,
5,16,Chennai DF,542 New Castle Trail,
5,15,Chennai DF,542 New Castle Trail,
5,14,Chennai DF,542 New Castle Trail,
5,13,Chennai DF,542 New Castle Trail,
5,12,Chennai DF,542 New Castle Trail,
5,11,Chennai DF,542 New Castle Trail,
5,10,Chennai DF,542 New Castle Trail,
5,9,Chennai DF,542 New Castle Trail,
5,8,Chennai DF,542 New Castle Trail,
5,7,Chennai DF,542 New Castle Trail,
5,6,Chennai DF,542 New Castle Trail,
5,5,Chennai DF,542 New Castle Trail,
5,4,Chennai DF,542 New Castle Trail,
5,3,Chennai DF,542 New Castle Trail,
5,2,Chennai DF,542 New Castle Trail,
5,1,Chennai DF,542 New Castle Trail,
1,999,New York CC,41095 Gale Plaza,
