interaction_id,timestamp,persona,email,"message"
30,2024-07-11 10:00:00,Customer,alice.johnson@example.com,"Hi, I'm having trouble logging into my online banking account. Can you help me?"
31,2024-07-11 10:05:00,Service Agent,agent1@bank.com,"Hello Alice, I'm sorry to hear you're having trouble. Could you please provide more details about the issue you're facing?"
32,2024-07-11 10:10:00,Customer,alice.johnson@example.com,"Whenever I try to log in, it says my password is incorrect. But I'm sure I'm entering the right one."
33,2024-07-11 10:15:00,Service Agent,agent1@bank.com,"Alice, I recommend resetting your password using the "Forgot Password" link. If that doesn't work, I'll assist further."
34,2024-07-11 10:20:00,Customer,alice.johnson@example.com,"I tried that already, but I didn't receive the password reset email."
35,2024-07-11 10:25:00,Service Agent,agent1@bank.com,"I'll check if there's an issue with your email. Please hold on."
36,2024-07-11 10:30:00,Internal,techsupport@bank.com,"Checking email server logs for issues with alice.johnson@example.com."
37,2024-07-11 10:35:00,Internal,techsupport@bank.com,"Email server is functioning correctly. No issues found."
38,2024-07-11 10:40:00,Service Agent,agent1@bank.com,"Alice, there doesn't seem to be an issue with our email server. Can you check your spam folder?"
39,2024-07-11 10:45:00,Customer,alice.johnson@example.com,"I checked my spam folder, and it's not there either."
40,2024-07-11 10:50:00,Service Agent,agent1@bank.com,"Let me manually send you a password reset link. Please look out for an email from support@bank.com."
41,2024-07-11 10:55:00,Customer,alice.johnson@example.com,"Got it! I was able to reset my password. Thank you for your help."
42,2024-07-11 11:00:00,Service Agent,agent1@bank.com,"You're welcome, Alice! Have a great day."
43,2024-07-11 11:05:00,Customer,michael.jackson@example.com,"I need assistance with a recent transaction on my account."
44,2024-07-11 11:10:00,Service Agent,agent2@bank.com,"Hello Michael, could you please provide the details of the transaction you're referring to?"
45,2024-07-11 11:15:00,Customer,michael.jackson@example.com,"There is a $200 charge on my account that I don't recognize."
46,2024-07-11 11:20:00,Service Agent,agent2@bank.com,"I will look into this for you. Please hold on."
47,2024-07-11 11:25:00,Internal,frauddept@bank.com,"Reviewing the $200 charge on Michael Jackson's account for potential fraud."
48,2024-07-11 11:30:00,Internal,frauddept@bank.com,"The charge appears to be legitimate. It was made at a local grocery store."
49,2024-07-11 11:35:00,Service Agent,agent2@bank.com,"Michael, the charge appears to be from a local grocery store. Does this sound familiar?"
50,2024-07-11 11:40:00,Customer,michael.jackson@example.com,"Oh yes, I remember now. Thank you for clarifying."
51,2024-07-11 11:45:00,Service Agent,agent2@bank.com,"No problem, Michael! If you need any further assistance, feel free to reach out."
52,2024-07-11 11:50:00,Customer,emily.davis@example.com,"I want to update my contact information. How can I do that?"
53,2024-07-11 11:55:00,Service Agent,agent3@bank.com,"Hi Emily, you can update your contact information through our online banking portal under the "Profile" section."
54,2024-07-11 12:00:00,Customer,emily.davis@example.com,"I'm unable to find the "Profile" section. Can you guide me?"
55,2024-07-11 12:05:00,Service Agent,agent3@bank.com,"Sure, Emily. After logging in, click on your name in the top right corner, then select "Profile" from the dropdown menu."
56,2024-07-11 12:10:00,Customer,emily.davis@example.com,"Found it! Thanks for your help."
57,2024-07-11 12:15:00,Service Agent,agent3@bank.com,"You're welcome, Emily! Have a great day."
58,2024-07-11 12:20:00,Customer,david.brown@example.com,"I need to dispute a transaction on my credit card."
59,2024-07-11 12:25:00,Service Agent,agent4@bank.com,"Hello David, please provide the details of the transaction you wish to dispute."
60,2024-07-11 12:30:00,Customer,david.brown@example.com,"There's a $50 charge from a store I never visited."
